المجموعة,المرتبة,المسمى الوظيفي
الإداريين,اداري,أخصائي مراقبة موارد بشرية متقدم
الاخصائيين,اخصائي,اخصائي مختبر نساء غير طبيب
الأطباء,طبيب مقيم,طبيب مقيم
التمريض,اخصائي,اخصائي تمريض 
الإداريين,اداري,أخصائي مراقبة موارد بشرية ممارس أول
التمريض,اخصائي,اخصائي تمريض 
الأطباء,طبيب نائب,طبيب نائب الطوارىء
التمريض,اخصائي,اخصائي تمريض 
الأطباء,طبيب مقيم,طبيب مقيم
التمريض,اخصائي,اخصائي تمريض 
الأطباء,طبيب نائب,طبيب نائب الباطنة العامة
الأطباء,طبيب نائب,طبيب نائب الباطنة / صدرية
الأطباء,طبيب استشاري,طبيب استشاري الباطنة العامة
الأطباء,طبيب نائب,طبيب نائب مختبر
الأطباء,طبيب مقيم,طبيب مقيم
الأطباء,طبيب استشاري,طبيب استشاري الجراحة العامة
الإداريين,اداري,أخصائي عمليات موارد بشرية ممارس
التمريض,فني,فني تمريض
الإداريين,اداري,محاسب ممارس
الصيدله,فني,فني مساعد صيدلي
الأطباء,طبيب مقيم,طبيب مقيم
الصيدله,فني,فني مساعد صيدلي
الأطباء,طبيب نائب,طبيب نائب الطب النفسي
الاخصائيين,اخصائي,اخصائي علاج طبيعي رجال غير طبيب
الإداريين,اداري,فني صيانة آلات ممارس
الاخصائيين,اخصائي,اخصائي اداره خدمات صحيه
الأطباء,طبيب مقيم,طبيب مقيم
التمريض,فني,فني تمريض
الإداريين,اداري,محاسب ممارس
الإداريين,اداري,محاسب مساعد
الإداريين,اداري,مساعد إداري ممارس ثاني
التمريض,فني,فني تمريض
الأطباء,طبيب مقيم,طبيب مقيم
الفنيين,فني,فني اشعه رجال
الإداريين,اداري,أخصائي مراقبة موارد بشرية
الإداريين,بند الأجور,
الإداريين,اداري,فني إحصاء طبي ممارس
الإداريين,بند الأجور,عامل
الأطباء,طبيب مقيم,طبيب مقيم
الفنيين,فني,فني علاج طبيعي رجال
الإداريين,اداري,مساعد إداري ممارس ثالث
الإداريين,بند الأجور,عامل
الإداريين,اداري,مساعد إداري ممارس ثاني
التمريض,فني,فني تمريض
الأطباء,طبيب مقيم,طبيب مقيم
الاخصائيين,اخصائي,اخصائيه تغذيه نساء غير طبيب
الإداريين,اداري,مساعد إداري ممارس أول
التمريض,فني,فني تمريض
الإداريين,اداري,فني إحصاء طبي ممارس
التمريض,فني,فني تمريض
الأطباء,طبيب مقيم,طبيب مقيم
التمريض,فني,فني تمريض
الإداريين,اداري,مساعد إداري ممارس
التمريض,فني,فني تمريض
الإداريين,اداري,مساعد إداري ممارس
التمريض,اخصائي,اخصائي تمريض 
الأطباء,طبيب مقيم,طبيب مقيم
التمريض,فني,فني تمريض
الإداريين,اداري,مساعد إداري ممارس ثاني
التمريض,فني,فني تمريض
الإداريين,اداري,مساعد إداري ممارس ثاني
الاخصائيين,اخصائي,اخصائي اشعه رجال غير طبيب
الأطباء,طبيب نائب,طبيب نائب الطوارىء
الفنيين,فني,فني اشعه رجال
الإداريين,اداري,مساعد إداري متقدم
التمريض,فني,فني تمريض
الإداريين,اداري,مساعد إداري ممارس ثاني
الأطباء,طبيب استشاري,طبيب استشاري طوارىء
الفنيين,فني,فني اشعه رجال
الإداريين,اداري,أخصائي مراقبة موارد بشرية ممارس
الإداريين,اداري,فني عمليات اتصالات ممارس
الإداريين,اداري,مساعد إداري متقدم
الإداريين,اداري,موظف استقبال و استعلامات
الأطباء,طبيب مقيم,طبيب مقيم
التمريض,اخصائي اول,اخصائي اول تمريض
الإداريين,اداري,مدخل بيانات ممارس ثاني
الأطباء,طبيب استشاري,طبيب استشاري جراحة المسالك البولية
الإداريين,اداري,مشرف امن وسلامه
التمريض,فني,فني تمريض
الأطباء,طبيب مقيم,طبيب مقيم
المهندسين,مهندس محترف,مهندس كهربائي محترف
الإداريين,اداري,مساعد إداري متقدم
الإداريين,اداري,مساعد إداري ممارس ثاني
الإداريين,اداري,أمين صندوق مساعد
الاخصائيين,اخصائي,اخصائي مختبر رجال غير طبيب
الأطباء,طبيب مقيم,طبيب مقيم
الإداريين,اداري,محاسب
الإداريين,اداري,مساعد إداري ممارس ثاني
الاخصائيين,اخصائي,اخصائي مختبر رجال غير طبيب
الإداريين,اداري,أخصائي مراقبة موارد بشرية ممارس
التمريض,فني,فني تمريض
الأطباء,طبيب نائب,طبيب نائب الطوارىء
الإداريين,اداري,مراقب امن وسلامة
الإداريين,اداري,مساعد إداري ممارس ثاني
الإداريين,اداري,مساعد إداري ممارس ثاني
الإداريين,اداري,أخصائي مراقبة موارد بشرية مساعد
التمريض,فني,فني تمريض
الأطباء,طبيب مقيم,طبيب مقيم
الفنيين,فني,فني مختبر رجال
الإداريين,اداري,محاسب ممارس
الفنيين,فني,فني مختبر رجال
الإداريين,اداري,مدير اداري
الأطباء,طبيب مقيم,طبيب مقيم
التمريض,فني,فني تمريض
الإداريين,اداري,ناسخ ممارس ثاني
الفنيين,فني,فني عمليات رجال
الأطباء,طبيب استشاري,طبيب استشاري الطب النفسي
الإداريين,اداري,محاسب مساعد
الأطباء,طبيب مقيم,طبيب مقيم
الإداريين,المستخدمين,ممارس سائق سيارة
الإداريين,اداري,مساعد إداري ممارس ثاني
الاخصائيين,اخصائي,اخصائي اداره خدمات صحيه
الإداريين,اداري,مساعد إداري ممارس ثاني
التمريض,فني,فني تمريض
الأطباء,طبيب مقيم,طبيب مقيم
الاخصائيين,اخصائي,اخصائيه نفسيه نساء غير طبيب
الإداريين,اداري,مساعد إداري ممارس ثالث
الاخصائيين,اخصائي,اخصائي اداره خدمات صحيه
الإداريين,اداري,مساعد إداري ممارس ثاني
الفنيين,فني,فني اشعه رجال
الأطباء,طبيب مقيم,طبيب مقيم
الأطباء,طبيب استشاري,طبيب استشاري الباطنة / قلب
الإداريين,اداري,مساعد إداري ممارس ثاني
الإداريين,اداري,مساعد إداري ممارس ثاني
الإداريين,اداري,مساعد إداري ممارس ثالث
الأطباء,طبيب استشاري,طبيب استشاري الاسنان/علاج تحفظي واصلاح الاسنان
الأطباء,طبيب نائب,طبيب نائب الطوارىء
الأطباء,طبيب استشاري,طبيب استشاري المختبرات / تشريح نسيجي
الإداريين,اداري,مدير اداري
الاخصائيين,اخصائي,اخصائي نفسي رجال غير طبيب
الإداريين,اداري,مشرف مسكن ممارس ثالث
الإداريين,المستخدمين,مساعد رعاية مرضى منزلي
الأطباء,طبيب مقيم,طبيب مقيم
الأطباء,طبيب استشاري,طبيب استشاري الاسنان/علاج تحفظي واصلاح الاسنان
الإداريين,اداري,محاسب
التمريض,اخصائي,اخصائي تمريض 
الإداريين,اداري,مراقب امن وسلامة
الإداريين,اداري,مساعد إداري ممارس ثاني
الإداريين,اداري,سكرتير ممارس ثاني
التمريض,فني,فني تمريض
الأطباء,طبيب نائب,طبيب نائب
الإداريين,اداري,فني اتصالات
الإداريين,اداري,مراقب امن وسلامة
الفنيين,فني,فني علاج طبيعي رجال
الإداريين,اداري,مراقب امن وسلامة
الفنيين,فني,فنيه اسنان نساء
الأطباء,طبيب نائب,طبيب نائب الطوارىء
الإداريين,اداري,مساعد إداري ممارس ثاني
الإداريين,اداري,مساعد إداري ممارس ثالث
الأطباء,طبيب استشاري,طبيب استشاري الاسنان/علاج جذور الاسنان
الإداريين,اداري,مساعد إداري ممارس أول
الاخصائيين,اخصائي,اخصائي مختبر رجال غير طبيب
الأطباء,طبيب نائب,طبيب نائب الباطنة / عناية مركزة
الاخصائيين,اخصائي,اخصائيه صحة ورعاية فم واسنان نساء غير طبيب
الاخصائيين,اخصائي,اخصائي مختبر غير طبيب	
الإداريين,اداري,سكرتير ممارس ثاني
التمريض,فني,فني تمريض
الأطباء,طبيب نائب,طبيب نائب الباطنة / عناية مركزة
الإداريين,اداري,محاسب
الإداريين,اداري,مراقب امن وسلامة
الأطباء,طبيب استشاري,طبيب استشاري الباطنة / عناية مركزه
الأطباء,طبيب نائب,طبيب نائب الباطنة / عناية مركزة
الإداريين,اداري,مساعد إداري ممارس ثاني
الإداريين,اداري,أمين مستودع فني ممارس
الأطباء,طبيب نائب,طبيب نائب الجراحة العامة
الإداريين,اداري,أخصائي موازنة مالية
الأطباء,طبيب نائب,طبيب نائب الباطنة / عناية مركزة
الفنيين,فني,فني عمليات رجال
الإداريين,اداري,مساعد إداري ممارس ثاني
الإداريين,اداري,مساعد إداري ممارس أول
الأطباء,طبيب مقيم,طبيب مقيم
الأطباء,طبيب نائب,طبيب نائب الباطنة / عناية مركزة
الإداريين,اداري,مساعد إداري ممارس ثالث
الإداريين,المستخدمين,ممارس سائق سيارة
الإداريين,اداري,مراقب مخزون مساعد
الأطباء,طبيب نائب,طبيب نائب الباطنة / عناية مركزة
التمريض,فني,فني تمريض
الإداريين,اداري,مساعد إداري ممارس ثالث
الصيدله,صيدلي,صيدلي
الإداريين,اداري,محاسب مساعد
التمريض,فني,فني تمريض
الأطباء,طبيب نائب,طبيب نائب الباطنة / عناية مركزة
الاخصائيين,اخصائي,اخصائي اداره خدمات صحيه
الإداريين,اداري,مساعد إداري ممارس ثالث
الأطباء,طبيب استشاري,طبيب استشاري الباطنة/ امراض معديه
الإداريين,اداري,مساعد إداري ممارس ثاني
التمريض,فني,فني تمريض
الأطباء,طبيب نائب,طبيب نائب الباطنة / عناية مركزة
التمريض,فني,فني تمريض
الإداريين,اداري,مساعد إداري ممارس ثاني
التمريض,فني,فني تمريض
التمريض,فني,فني تمريض
الإداريين,اداري,مساعد إداري ممارس أول
الإداريين,اداري,أخصائي علاقات عامة مساعد
الأطباء,طبيب نائب,طبيب نائب الباطنة / عناية مركزة
الفنيين,فني,فنيه اشعه نساء
الإداريين,اداري,مساعد إداري ممارس ثاني
الفنيين,فني,مساعده طبيب اسنان نساء
الإداريين,اداري,مساعد إداري ممارس
التمريض,اخصائي,اخصائي تمريض 
الأطباء,طبيب نائب,طبيب نائب الباطنة / عناية مركزة
الفنيين,فني,فني اشعه رجال
الإداريين,اداري,مساعد إداري ممارس ثاني
الإداريين,اداري,محاسب
الاخصائيين,اخصائي,اخصائيه علاج طبيعي نساء غير طبيب
الأطباء,طبيب نائب,طبيب نائب الباطنة / عناية مركزة
الأطباء,طبيب نائب,طبيب نائب الامراض الجلدية
الأطباء,طبيب نائب,طبيب نائب الباطنة / عناية مركزة
الإداريين,اداري,مساعد إداري ممارس أول
الإداريين,اداري,مساعد إداري ممارس ثاني
الاخصائيين,اخصائي,اخصائي اجتماعي رجال غير طبيب
الأطباء,طبيب نائب,طبيب نائب الباطنة / عناية مركزة
الإداريين,اداري,مساعد إداري ممارس ثاني
الإداريين,اداري,مساعد إداري ممارس ثاني
التمريض,مساعد صحي,مساعد ممرض رجال
الأطباء,طبيب استشاري,طبيب استشاري الاسنان / تقويم
الأطباء,طبيب استشاري,طبيب استشاري الجراحة العامة
التمريض,فني,فني تمريض
الأطباء,طبيب نائب,طبيب نائب الاسنان / استعاضة سنية
الفنيين,فني,فني مختبر رجال
الأطباء,طبيب نائب,طبيب نائب الباطنة / عناية مركزة
الفنيين,فني,فنيه اسنان نساء
الأطباء,طبيب استشاري,طبيب استشاري الاسنان / علاج وجراحة اللثة
الفنيين,فني,فني علاج طبيعي رجال
الأطباء,طبيب نائب,طبيب نائب الاسنان /علاج تحفظي وتركيبات اسنان
الاخصائيين,اخصائي,اخصائي اداره خدمات صحيه
الإداريين,اداري,ميكانيكي سيارات ممارس ثالث
الأطباء,طبيب استشاري,طبيب استشاري الاسنان/علاج جذور الاسنان
الأطباء,طبيب مقيم,طبيب مقيم
التمريض,فني,فني تمريض
الإداريين,اداري,مدير اداري
التمريض,فني,فني تمريض
الإداريين,اداري,فني اتصالات
الأطباء,طبيب استشاري,طبيب استشاري طب وجراحة العظام
الأطباء,طبيب نائب,طبيب نائب الجراحة العامة
التمريض,فني,فني تمريض
الإداريين,اداري,فني اتصالات
التمريض,فني,فني تمريض
الإداريين,اداري,سكرتير ممارس ثالث
التمريض,فني,فني تمريض
الأطباء,طبيب نائب,طبيب نائب الباطنة / عناية مركزة
الإداريين,اداري,محاسب مساعد
الفنيين,فني,فنيه اسنان نساء
الإداريين,اداري,مساعد إداري ممارس ثاني
الفنيين,فني,فنيه اسنان نساء
الأطباء,طبيب نائب,طبيب نائب الباطنة / كلى
الاخصائيين,اخصائي,اخصائيه علاج طبيعي نساء غير طبيب
الإداريين,اداري,فني تدفئة وتهوية وتكييف ممارس ثاني
التمريض,فني,فني تمريض
الإداريين,اداري,فني صيانة آلات ممارس
التمريض,فني,فني تمريض
الأطباء,طبيب مقيم,طبيب مقيم
الاخصائيين,اخصائي,اخصائي مختبر رجال غير طبيب
الأطباء,طبيب نائب,طبيب نائب جراحة المسالك البولية
التمريض,فني,فني تمريض
الإداريين,اداري,مشرف مسكن ممارس ثالث
الفنيين,فني,فني علاج طبيعي رجال
الأطباء,طبيب مقيم,طبيب مقيم
التمريض,فني,فني تمريض
الإداريين,اداري,كهربائي مباني ممارس ثالث
الاخصائيين,اخصائي,اخصائيه تغذيه نساء غير طبيب
الإداريين,اداري,مساعد إداري ممارس ثالث
الاخصائيين,اخصائي,اخصائيه تغذيه نساء غير طبيب
الإداريين,اداري,مساعد إداري ممارس ثالث
الاخصائيين,اخصائي,اخصائي اداره خدمات صحيه
الإداريين,اداري,مساعد إداري ممارس ثاني
التمريض,فني,فني تمريض
الإداريين,اداري,مساعد إداري ممارس ثاني
الاخصائيين,اخصائي,اخصائي اداره خدمات صحيه
الإداريين,اداري,أخصائي مراقبة موارد بشرية مساعد
التمريض,فني,فني تمريض
الإداريين,المستخدمين,مراسل ممارس
الإداريين,اداري,مساعد إداري ممارس ثاني
الاخصائيين,اخصائي,اخصائي اجتماعي رجال غير طبيب
الإداريين,اداري,مساعد إداري
الفنيين,فني,فني تخدير رجال
التمريض,فني,فني تمريض
التمريض,فني,فني تمريض
الإداريين,اداري,مراقب مخزون
التمريض,فني,فني تمريض
التمريض,فني,فني تمريض
التمريض,فني,فني تمريض
التمريض,فني,فني تمريض
الأطباء,طبيب استشاري,طبيب استشاري المختبرات
الإداريين,اداري,مساعد إداري ممارس ثاني
التمريض,فني,فني تمريض
التمريض,فني,فني تمريض
الأطباء,طبيب استشاري,طبيب استشاري المختبرات
الإداريين,اداري,كهربائي مباني ممارس ثاني
الاخصائيين,اخصائي,اخصائي اجتماعي رجال غير طبيب
التمريض,فني,فني تمريض
التمريض,فني,فني تمريض
الإداريين,المستخدمين,ممارس سائق سيارة
التمريض,فني,فني تمريض
التمريض,فني,فني تمريض
الإداريين,اداري,مساعد إداري ممارس ثاني
الاخصائيين,اخصائي,اخصائي نفسي رجال غير طبيب
الإداريين,اداري,مساعد إداري ممارس ثاني
الفنيين,فني,فني معلوماتية صحية رجال
التمريض,فني,فني تمريض
التمريض,فني,فني تمريض
الإداريين,اداري,مساعد إداري ممارس ثاني
الإداريين,اداري,مساعد إداري ممارس ثاني
الإداريين,اداري,مساعد إداري ممارس ثاني
التمريض,فني,فني تمريض
الصيدله,فني,فني مساعد صيدلي
الاخصائيين,اخصائي,اخصائي اجتماعي رجال غير طبيب
التمريض,فني,فني تمريض
التمريض,فني,فني تمريض
الصيدله,فني,فني مساعد صيدلي
الإداريين,اداري,مساعد إداري مساعد
الأطباء,طبيب نائب,طبيب نائب الباطنة العامة
الفنيين,فني,فنيه اسنان نساء
التمريض,فني,فني تمريض
التمريض,فني,فني تمريض
الأطباء,طبيب استشاري,طبيب استشاري الباطنة / طب الاعصاب
التمريض,فني,فني تمريض
الإداريين,اداري,مراقب مخزون
التمريض,فني,فني تمريض
التمريض,فني,فني تمريض
الأطباء,طبيب استشاري,طبيب استشاري الباطنة العامة
الاخصائيين,اخصائي,اخصائي اداره خدمات صحيه
الأطباء,طبيب استشاري,طبيب استشاري الباطنة العامة
الاخصائيين,اخصائي,أخصائي خدمات صحية
التمريض,فني,فني تمريض
الفنيين,فني,فني اشعه رجال
الأطباء,طبيب نائب,طبيب نائب الباطنة العامة
الاخصائيين,اخصائي,اخصائيه اجتماعيه نساء غير طبيب
الأطباء,طبيب استشاري,طبيب استشاري الباطنة العامة
الإداريين,اداري,مساعد إداري ممارس ثاني
التمريض,اخصائي,اخصائي تمريض 
الأطباء,طبيب استشاري,طبيب استشاري الباطنة/ امراض معديه
التمريض,فني,فني تمريض
التمريض,فني,فني تمريض
الإداريين,اداري,اخصائى محاسب
الأطباء,طبيب نائب,طبيب نائب الباطنة العامة
التمريض,اخصائي,اخصائي تمريض 
الأطباء,طبيب استشاري,طبيب استشاري الباطنة / امراض الدم
التمريض,اخصائي,اخصائي تمريض 
التمريض,فني,فني تمريض
الأطباء,طبيب نائب,طبيب نائب الباطنة العامة
الأطباء,طبيب نائب,طبيب نائب الباطنة العامة
الأطباء,طبيب استشاري,طبيب استشاري الاسنان/ استعاضه سنيه
التمريض,فني,فني تمريض
الإداريين,اداري,سائق
الأطباء,طبيب نائب,طبيب نائب الباطنة العامة
التمريض,اخصائي اول,اخصائي اول تمريض
الأطباء,طبيب نائب,طبيب نائب الباطنة العامة
الأطباء,طبيب استشاري,طبيب استشاري الجراحة العامة
الأطباء,طبيب نائب,طبيب نائب الباطنة العامة
التمريض,فني,فني تمريض
الفنيين,فني,فنيه اسنان نساء
التمريض,فني,فني تمريض
الأطباء,طبيب استشاري,طبيب استشاري الاسنان/علاج تحفظي واصلاح الاسنان
الإداريين,اداري,ناسخ ممارس ثاني
التمريض,اخصائي,اخصائي تمريض 
الفنيين,فني,فني تخدير رجال
الأطباء,طبيب نائب,طبيب نائب الجراحة العامة
الاخصائيين,اخصائي,اخصائي اشعه رجال غير طبيب
الإداريين,اداري,أمين مستودع فني ممارس
الأطباء,طبيب استشاري,طبيب استشاري الاشعة التشخيصية
الفنيين,فني,سكرتير طبي رجال
الإداريين,اداري,مساعد إداري ممارس ثاني
الأطباء,طبيب نائب,طبيب نائب الجراحة العامة
الأطباء,طبيب استشاري,طبيب استشاري الباطنة العامة
الاخصائيين,اخصائي,اخصائي اداره خدمات صحيه
الأطباء,طبيب استشاري,طبيب استشاري الاسنان/ استعاضه سنيه
الأطباء,طبيب استشاري,طبيب استشاري طب وجراحة العظام
الإداريين,اداري,مراقب امن وسلامة
الأطباء,طبيب نائب,طبيب نائب الاسنان / علاج وجراحة اللثة
الفنيين,فني,فني مختبر رجال
التمريض,مساعد صحي,مساعده ممرضه نساء
الأطباء,طبيب نائب,طبيب نائب الجراحة العامة
الأطباء,طبيب نائب,طبيب نائب الجراحة العامة
التمريض,فني,فني تمريض
الفنيين,فني,فني معلوماتية صحية رجال
الأطباء,طبيب نائب,طبيب نائب الجراحة العامة
التمريض,اخصائي,اخصائي تمريض 
الإداريين,اداري,فنى دعم تقنية معلومات ممارس
الفنيين,فني,فني مختبر رجال
الإداريين,المستخدمين,مساعد رعاية مرضى منزلي
الإداريين,اداري,اخصائى محلل و مصمم نظم
الأطباء,طبيب نائب,طبيب نائب الجراحة العامة
الإداريين,اداري,مهندس كهربائي
الأطباء,طبيب نائب,طبيب نائب الجراحة العامة
التمريض,فني,فني تمريض
التمريض,فني,فني تمريض
الأطباء,طبيب استشاري,طبيب استشاري جراحة المخ والاعصاب
الأطباء,طبيب نائب,طبيب نائب الاشعة التشخيصية
التمريض,فني,فني تمريض
الفنيين,فني,سكرتير طبي رجال
الفنيين,فني,فني مختبر رجال
الأطباء,طبيب استشاري,طبيب استشاري الاشعة التشخيصية
التمريض,فني,فني تمريض
الأطباء,طبيب نائب,طبيب نائب الاشعة التشخيصية
الفنيين,فني,فني بصريات رجال
الصيدله,فني,فني مساعد صيدلي
الأطباء,طبيب نائب,طبيب نائب الاشعة التشخيصية
التمريض,فني,فني تمريض
الإداريين,اداري,مساعد إداري ممارس ثاني
الإداريين,المستخدمين,مساعد رعاية مرضى منزلي ممارس
الأطباء,طبيب استشاري,طبيب استشاري الباطنة العامة
الفنيين,فني,فني بصريات رجال
الإداريين,اداري,مراقب امن وسلامة
الفنيين,فني,فني مختبر رجال
التمريض,فني,فني تمريض
الإداريين,اداري,مساعد إداري ممارس ثاني
الفنيين,فني,فني اشعه رجال
التمريض,فني,فني تمريض
الاخصائيين,اخصائي,اخصائي اداره خدمات صحيه
الإداريين,اداري,مساعد إداري ممارس ثاني
الفنيين,فني,فنيه علاج طبيعي نساء
الأطباء,طبيب استشاري,طبيب استشاري الامراض الجلدية
التمريض,فني,فني تمريض
الاخصائيين,اخصائي,اخصائي معلوماتية صحية رجال غير طبيب
الأطباء,طبيب نائب,طبيب نائب الامراض الجلدية
الاخصائيين,اخصائي,اخصائيه اجتماعيه نساء غير طبيب
الفنيين,فني,فني مختبر رجال
الاخصائيين,اخصائي,اخصائي معلوماتية صحية رجال غير طبيب
الاخصائيين,اخصائي,اخصائي صحة ورعاية فم واسنان رجال غير طبيب
الأطباء,طبيب استشاري,طبيب استشاري الامراض الجلدية
الإداريين,المستخدمين,ممارس سائق سيارة
التمريض,فني,فني تمريض
التمريض,فني,فني تمريض
الإداريين,اداري,مساعد إداري ممارس ثاني
الفنيين,فني,فني معلوماتية صحية رجال
الإداريين,اداري,مساعد إداري ممارس ثاني
الإداريين,اداري,مساعد إداري ممارس ثاني
الاخصائيين,اخصائي,اخصائي نفسي رجال غير طبيب
الاخصائيين,اخصائي,اخصائي معلوماتية صحية رجال غير طبيب
التمريض,فني,فني تمريض
الاخصائيين,اخصائي,اخصائي صحة ورعاية فم واسنان رجال غير طبيب
الإداريين,اداري,مساعد إداري ممارس ثاني
الإداريين,المستخدمين,مساعد رعاية مرضى منزلي ممارس
الفنيين,فني,فني معلوماتية صحية رجال
الاخصائيين,اخصائي,اخصائي اداره خدمات صحيه
الإداريين,اداري,ناسخ ممارس ثاني
الصيدله,صيدلي,صيدلي
الإداريين,اداري,مساعد إداري ممارس ثاني
الفنيين,فني,فني ترميز طبي
الفنيين,فني,فني مختبر رجال
الإداريين,بند الأجور,عامل
الإداريين,اداري,مساعد إداري ممارس ثاني
التمريض,فني,فني تمريض
الأطباء,طبيب استشاري,طبيب استشاري الاسنان/علاج جذور الاسنان
الاخصائيين,اخصائي,اخصائي مختبر نساء غير طبيب
الإداريين,المستخدمين,مساعد رعاية مرضى منزلي ممارس
الاخصائيين,اخصائي,اخصائي اجتماعي رجال غير طبيب
الأطباء,طبيب استشاري,طبيب استشاري الاسنان/علاج جذور الاسنان
الاخصائيين,اخصائي,اخصائي مختبر نساء غير طبيب
التمريض,فني,فني تمريض
الفنيين,فني,فني مختبر رجال
الإداريين,المستخدمين,مراسل ممارس
الاخصائيين,اخصائي,اخصائي اداره خدمات صحيه
الأطباء,طبيب نائب,طبيب نائب اسنان
الأطباء,طبيب نائب,طبيب نائب علاج عصب وجذور اسنان
الاخصائيين,اخصائي,اخصائي اجتماعي رجال غير طبيب
الاخصائيين,اخصائي,اخصائي اداره خدمات صحيه
الاخصائيين,اخصائي,اخصائي اجتماعي رجال غير طبيب
الأطباء,طبيب نائب,طبيب نائب الاسنان / استعاضة سنية
التمريض,فني,فني تمريض
الاخصائيين,اخصائي,اخصائيه نفسيه نساء غير طبيب
الإداريين,بند الأجور,عامل
الفنيين,فني,فني بصريات رجال
الفنيين,فني,فني علاج طبيعي رجال
الأطباء,طبيب نائب,طبيب نائب الاسنان / استعاضة سنية
التمريض,فني,فني تمريض
الإداريين,اداري,مساعد إداري ممارس ثاني
التمريض,فني,فني تمريض
الفنيين,فني,فني مختبر رجال
الإداريين,اداري,مساعد إداري ممارس أول
الإداريين,المستخدمين,ممارس سائق سيارة
الإداريين,اداري,مساعد إداري ممارس
الإداريين,المستخدمين,مساعد رعاية مرضى منزلي ممارس
الفنيين,فني,فنيه اسنان نساء
الفنيين,فني,فنيه اسنان نساء
التمريض,فني,فني تمريض
التمريض,فني,فني تمريض
الأطباء,طبيب استشاري,طبيب استشاري الاسنان/علاج تحفظي واصلاح الاسنان
الاخصائيين,اخصائي,اخصائي اداره خدمات صحيه
التمريض,فني,فني تمريض
التمريض,فني,فني تمريض
الأطباء,طبيب نائب,طبيب نائب الاسنان / تقويم
التمريض,فني,فني تمريض
الفنيين,فني,فني اشعه رجال
الأطباء,طبيب نائب,طبيب نائب الاسنان / علاج وجراحة اللثة
التمريض,فني,فني تمريض
التمريض,فني,فني تمريض
الاخصائيين,اخصائي,اخصائي مختبر نساء غير طبيب
الأطباء,طبيب استشاري,طبيب استشاري الباطنة العامة
التمريض,فني,فني تمريض
التمريض,فني,فني تمريض
الأطباء,طبيب استشاري,طبيب استشاري جراحة الانف والاذن والحنجرة
التمريض,فني,فني تمريض
التمريض,فني,فني تمريض
الاخصائيين,اخصائي,اخصائي فيزياء طبيه نساء غير طبيب
الأطباء,طبيب استشاري,طبيب استشاري التخدير
الفنيين,فني,فنيه تغذيه نساء
الأطباء,طبيب استشاري,طبيب استشاري جراحة المخ والاعصاب
الفنيين,فني,فني علاج طبيعي رجال
التمريض,فني,فني تمريض
الاخصائيين,اخصائي,اخصائيه تغذيه نساء غير طبيب
الأطباء,طبيب استشاري,طبيب استشاري الجراحة العامة
الأطباء,طبيب نائب,طبيب نائب الباطنة العامة
الفنيين,فني,فني مختبر رجال
الأطباء,طبيب نائب,طبيب نائب الاسنان / تقويم
التمريض,فني,فني تمريض
الفنيين,فني,فني عمليات رجال
التمريض,فني,فني تمريض
الأطباء,طبيب مقيم,طبيب مقيم
التمريض,فني,فني تمريض
الفنيين,فني,فني تعقيم رجال
الفنيين,فني,فني اشعه رجال
الأطباء,طبيب مقيم,طبيب مقيم
الأطباء,طبيب مقيم,طبيب مقيم
الإداريين,بند الأجور,عامل
الأطباء,طبيب مقيم,طبيب مقيم
الاخصائيين,اخصائي,اخصائي اداره خدمات صحيه
الأطباء,طبيب مقيم,طبيب مقيم
الاخصائيين,اخصائي اول,اخصائي اول مختبر رجال غير طبيب
التمريض,فني,فني تمريض
الأطباء,طبيب مقيم,طبيب مقيم
التمريض,فني,فني تمريض
الأطباء,طبيب نائب,طبيب نائب الجراحة العامة
المساعديين الصحيين,مساعد صحي,مساعد صحي / أمن صحي
الأطباء,طبيب مقيم الاسنان,طبيب مقيم الاسنان
الأطباء,طبيب مقيم الاسنان,طبيب مقيم الاسنان
التمريض,فني,فني تمريض
المساعديين الصحيين,مساعد صحي,مساعد صحي / أمن صحي
الأطباء,طبيب مقيم,طبيب مقيم
التمريض,فني,فني تمريض
الأطباء,طبيب مقيم,طبيب مقيم
المساعديين الصحيين,مساعد صحي,مساعد صحي / أمن صحي
الأطباء,طبيب استشاري,طبيب استشاري جراحة الاوعية الدموية
الأطباء,طبيب مقيم الاسنان,طبيب مقيم الاسنان
الأطباء,طبيب مقيم الاسنان,طبيب مقيم الاسنان
المساعديين الصحيين,مساعد صحي,مساعد صحي / أمن صحي
الأطباء,طبيب مقيم الاسنان,طبيب مقيم الاسنان
الأطباء,طبيب مقيم الاسنان,طبيب مقيم الاسنان
المساعديين الصحيين,مساعد صحي,مساعد صحي / أمن صحي
الاخصائيين,اخصائي,اخصائي اداره خدمات صحيه
الأطباء,طبيب مقيم الاسنان,طبيب مقيم الاسنان
الصيدله,فني,فني مساعد صيدلي
المساعديين الصحيين,مساعد صحي,مساعد صحي / أمن صحي
التمريض,فني,فني تمريض
المساعديين الصحيين,مساعد صحي,مساعد صحي / أمن صحي
الفنيين,فني,فني مختبر رجال
الأطباء,طبيب مقيم,طبيب مقيم
الإداريين,اداري,اخصائى تدريب
المساعديين الصحيين,مساعد صحي,مساعد صحي / أمن صحي
التمريض,فني,فني تمريض
الأطباء,طبيب مقيم الاسنان,طبيب مقيم الاسنان
الفنيين,فني,فني علاج طبيعي رجال
الأطباء,طبيب مقيم الاسنان,طبيب مقيم الاسنان
الاخصائيين,اخصائي,اخصائي مختبر نساء غير طبيب
المساعديين الصحيين,مساعد صحي,مساعد صحي / أمن صحي
التمريض,فني,فني تمريض
الأطباء,طبيب مقيم الاسنان,طبيب مقيم الاسنان
التمريض,اخصائي,اخصائي تمريض 
المساعديين الصحيين,مساعد صحي,مساعد صحي / أمن صحي
الاخصائيين,اخصائي اول,اخصائي اول فيزياء طبية نساء غير طبيب
الأطباء,طبيب مقيم,طبيب مقيم
الأطباء,طبيب استشاري,طبيب استشاري الامراض الجلدية
المساعديين الصحيين,مساعد صحي,مساعد صحي / أمن صحي
الفنيين,فني,فنيه اسنان نساء
الأطباء,طبيب مقيم الاسنان,طبيب مقيم الاسنان
الاخصائيين,اخصائي,اخصائي نفسي رجال غير طبيب
المساعديين الصحيين,مساعد صحي,مساعد صحي / أمن صحي
الاخصائيين,اخصائي,اخصائي نفسي رجال غير طبيب
الأطباء,طبيب مقيم,طبيب مقيم
المساعديين الصحيين,مساعد صحي,مساعد صحي / أمن صحي
الأطباء,طبيب مقيم الاسنان,طبيب مقيم الاسنان
التمريض,فني,فني تمريض
الأطباء,طبيب مقيم,طبيب مقيم
التمريض,اخصائي,اخصائي تمريض 
المهندسين,مهندس محترف,مهندس ميكانيكي محترف
التمريض,اخصائي,اخصائي تمريض 
الأطباء,طبيب مقيم,طبيب مقيم
الصيدله,فني,فني مساعد صيدلي
التمريض,فني,فني تمريض
الأطباء,طبيب مقيم,طبيب مقيم
التمريض,فني,فني تمريض
الأطباء,طبيب مقيم,طبيب مقيم
الفنيين,فني,فنيه مختبر نساء
الأطباء,طبيب مقيم,طبيب مقيم
الاخصائيين,اخصائي,اخصائي اداره خدمات صحيه
التمريض,فني,فني تمريض
الأطباء,طبيب مقيم,طبيب مقيم
الفنيين,فني,فني اشعه رجال
الأطباء,طبيب مقيم,طبيب مقيم
التمريض,فني,فني تمريض
الأطباء,طبيب مقيم,طبيب مقيم
التمريض,فني,فني تمريض
الاخصائيين,اخصائي,اخصائي اداره خدمات صحيه
الاخصائيين,اخصائي,اخصائي اداره خدمات صحيه
التمريض,اخصائي,اخصائي تمريض 
الأطباء,طبيب مقيم,طبيب مقيم
الصيدله,فني,فني مساعد صيدلي
الاخصائيين,اخصائي,اخصائي نفسي رجال غير طبيب
الصيدله,صيدلي اول,صيدلي اول
التمريض,فني,فني تمريض
الصيدله,صيدلي اول,صيدلي اول
الاخصائيين,اخصائي,اخصائي اداره خدمات صحيه
الأطباء,طبيب نائب,طبيب نائب الطب النفسي
الاخصائيين,اخصائي,اخصائي نفسي رجال غير طبيب
الصيدله,صيدلي,صيدلي
الصيدله,فني,فني مساعد صيدلي
الصيدله,صيدلي,صيدلي
الصيدله,صيدلي,صيدلي
الفنيين,فني,فني علاج طبيعي رجال
الصيدله,صيدلي,صيدلي
التمريض,فني,فني تمريض
الصيدله,صيدلي,صيدلي
التمريض,فني,فني تمريض
الأطباء,طبيب نائب,طبيب نائب الطب النفسي
الاخصائيين,اخصائي,اخصائي اداره خدمات صحيه
الصيدله,صيدلي,صيدلي
الصيدله,صيدلي,صيدلي
الصيدله,صيدلي,صيدلي
الصيدله,صيدلي,صيدلي
الفنيين,فني,فني بصريات رجال
الصيدله,صيدلي,صيدلي
الصيدله,صيدلي,صيدلي
الصيدله,صيدلي,صيدلي
الاخصائيين,اخصائي,اخصائي اداره خدمات صحيه
الصيدله,صيدلي,صيدلي
التمريض,فني,فني تمريض
الأطباء,طبيب نائب,طبيب نائب الطب النفسي
الفنيين,فني,مساعده طبيب اسنان نساء
الصيدله,صيدلي,صيدلي
الصيدله,صيدلي,صيدلي
الصيدله,صيدلي,صيدلي
التمريض,فني,فني تمريض
الإداريين,المستخدمين,مساعد رعاية مرضى منزلي ممارس
الصيدله,صيدلي,صيدلي
الفنيين,فني,فني عمليات رجال
الاخصائيين,اخصائي اول,اخصائي اول مختبر رجال غير طبيب
التمريض,اخصائي اول,اخصائي اول تمريض
الاخصائيين,اخصائي اول,اخصائي اداره خدمات صحيه
الأطباء,طبيب نائب,طبيب نائب الطب النفسي
التمريض,فني,فني تمريض
الاخصائيين,اخصائي اول,اخصائي اول علاج طبيعي نساء غير طبيب
التمريض,فني,فني تمريض
التمريض,فني,فني تمريض
الاخصائيين,اخصائي اول,اخصائي اول اجتماعي رجال غير طبيب
التمريض,فني,فني تمريض
المهندسين,مهندس مستشار,مدير صيانة
التمريض,اخصائي اول,اخصائي اول تمريض
التمريض,فني,فني تمريض
الاخصائيين,اخصائي,اخصائي اجتماعي رجال غير طبيب
الاخصائيين,اخصائي اول,اخصائي اول تغذيه نساء غير طبيب
التمريض,فني,فني تمريض
التمريض,فني,فني تمريض
الاخصائيين,اخصائي,اخصائي اجتماعي رجال غير طبيب
الاخصائيين,اخصائي,اخصائي مختبر رجال غير طبيب
الإداريين,اداري,مهندس ميكانيكي
التمريض,فني,فني تمريض
التمريض,فني,فني تمريض
الأطباء,طبيب نائب,طبيب نائب الطب النفسي
الفنيين,فني,فنيه اسنان نساء
التمريض,فني,فني تمريض
الفنيين,فني,فني عمليات رجال
الاخصائيين,اخصائي,اخصائي نفسي رجال غير طبيب
الاخصائيين,اخصائي,اخصائي مختبر رجال غير طبيب
التمريض,فني,فني تمريض
التمريض,فني,فني تمريض
الأطباء,طبيب نائب,طبيب نائب الطب النفسي
التمريض,اخصائي اول,اخصائي اول تمريض
الاخصائيين,اخصائي,اخصائي نفسي رجال غير طبيب
الإداريين,المستخدمين,مساعد رعاية مرضى منزلي
الاخصائيين,اخصائي,اخصائي اداره خدمات صحيه
الإداريين,المستخدمين,مساعد رعاية مرضى منزلي
التمريض,اخصائي,اخصائي تمريض 
التمريض,فني,فني تمريض
الاخصائيين,اخصائي,اخصائي مختبر رجال غير طبيب
الاخصائيين,اخصائي,اخصائي علاج طبيعي رجال غير طبيب
التمريض,فني,فني تمريض
الأطباء,طبيب مقيم,طبيب مقيم
الإداريين,المستخدمين,عامل تنظيف وخدمة منزلي
الاخصائيين,اخصائي,اخصائي مختبر نساء غير طبيب
الصيدله,صيدلي,صيدلي
الاخصائيين,اخصائي,اخصائي مختبر رجال غير طبيب
التمريض,فني,فني تمريض
الاخصائيين,اخصائي,اخصائي اجتماعي رجال غير طبيب
الفنيين,فني,فني علاج طبيعي رجال
التمريض,اخصائي,اخصائي تمريض 
الاخصائيين,اخصائي,اخصائي مختبر نساء غير طبيب
التمريض,اخصائي,اخصائي تمريض 
الاخصائيين,اخصائي,اخصائي اداره خدمات صحيه
التمريض,فني,فني تمريض
التمريض,فني,فني تمريض
الأطباء,طبيب استشاري,طبيب استشاري الباطنة /غدد صماء
الاخصائيين,اخصائي,اخصائي مختبر رجال غير طبيب
التمريض,فني,فني تمريض
الاخصائيين,اخصائي,اخصائيه اجتماعيه نساء غير طبيب
الفنيين,فني,فنيه اشعه نساء
التمريض,فني,فني تمريض
التمريض,فني,فني تمريض
الفنيين,فني,فني تخدير رجال
التمريض,فني,فني تمريض
الصيدله,فني,فني مساعد صيدلي
الاخصائيين,اخصائي اول,اخصائي اول اداره خدمات صحيه ومستشفيات
الاخصائيين,اخصائي,اخصائي مختبر نساء غير طبيب
الاخصائيين,اخصائي,اخصائي اداره خدمات صحيه
التمريض,فني,فني تمريض
التمريض,اخصائي,اخصائي تمريض 
الفنيين,فني,سكرتيره طبيه نساء
الاخصائيين,اخصائي,اخصائي مساعدة طبيب اسنان نساء غير طبيب
الاخصائيين,اخصائي,اخصائي مساعدة طبيب اسنان نساء غير طبيب
الفنيين,فني,فني بصريات رجال
الصيدله,فني,فني مساعد صيدلي
الفنيين,فني,فني تخدير رجال
الاخصائيين,اخصائي,اخصائي مختبر رجال غير طبيب
الاخصائيين,اخصائي,اخصائي اداره خدمات صحيه
الاخصائيين,اخصائي,اخصائي تغذيه رجال غير طبيب
الاخصائيين,اخصائي,اخصائي اجتماعي رجال غير طبيب
التمريض,اخصائي,اخصائي تمريض 
الفنيين,فني,مساعد طبيب اسنان رجال
الاخصائيين,اخصائي,اخصائيه تغذيه نساء غير طبيب
الاخصائيين,اخصائي,اخصائي علاج طبيعي رجال غير طبيب
الفنيين,فني,فني معلوماتية صحية نساء
الفنيين,فني,فني بصريات رجال
الاخصائيين,اخصائي,اخصائي اجتماعي رجال غير طبيب
التمريض,فني,فني تمريض
الصيدله,فني,فني مساعد صيدلي
الاخصائيين,اخصائي,اخصائي اجتماعي رجال غير طبيب
التمريض,فني,فني تمريض
المهندسين,مهندس محترف,مهندس ميكانيكي محترف
التمريض,فني,فني تمريض
المساعديين الصحيين,مساعد صحي,مساعد صحي / أمن صحي
الإداريين,المستخدمين,مراسل ممارس
التمريض,فني,فني تمريض
الاخصائيين,اخصائي,اخصائيه نفسيه نساء غير طبيب
التمريض,فني,فني تمريض
المساعديين الصحيين,مساعد صحي,مساعد صحي / أمن صحي
التمريض,فني,فني تمريض
التمريض,اخصائي,اخصائي تمريض 
التمريض,فني,فني تمريض
المساعديين الصحيين,مساعد صحي,مساعد صحي / أمن صحي
الفنيين,فني,فني معلوماتية صحية نساء
المساعديين الصحيين,مساعد صحي,مساعد صحي / أمن صحي
الاخصائيين,اخصائي,اخصائي اداره خدمات صحيه
الاخصائيين,اخصائي,اخصائي اداره خدمات صحيه
المساعديين الصحيين,مساعد صحي,مساعد صحي / أمن صحي
الاخصائيين,اخصائي,اخصائي اداره خدمات صحيه
التمريض,اخصائي,اخصائي تمريض 
الفنيين,فني,فني اشعه رجال
الفنيين,فني,فني تخدير رجال
التمريض,اخصائي,اخصائي تمريض 
الفنيين,فني,فني معلوماتية صحية نساء
المساعديين الصحيين,مساعد صحي,مساعد صحي / أمن صحي
الفنيين,فني,فني اشعه رجال
الاخصائيين,اخصائي,اخصائي مختبر رجال غير طبيب
الأطباء,طبيب استشاري,طبيب استشاري طب وجراحة العظام
الاخصائيين,اخصائي,اخصائي مختبر نساء غير طبيب
المساعديين الصحيين,مساعد صحي,مساعد صحي / أمن صحي
التمريض,مساعد صحي,مساعد ممرض رجال
التمريض,اخصائي,اخصائي تمريض 
التمريض,اخصائي,اخصائي تمريض 
التمريض,فني,فني تمريض
المساعديين الصحيين,مساعد صحي,مساعد صحي / أمن صحي
الاخصائيين,اخصائي,اخصائي نفسي رجال غير طبيب
التمريض,فني,فني تمريض
التمريض,اخصائي,اخصائي تمريض 
المساعديين الصحيين,مساعد صحي,مساعد صحي / أمن صحي
الصيدله,فني,فني مساعد صيدلي
الاخصائيين,اخصائي,اخصائيه تغذيه نساء غير طبيب
التمريض,اخصائي,اخصائي تمريض 
التمريض,فني,فني تمريض
المساعديين الصحيين,مساعد صحي,مساعد صحي / أمن صحي
التمريض,اخصائي,اخصائي تمريض 
التمريض,فني,فني تمريض
التمريض,اخصائي,اخصائي تمريض 
الأطباء,طبيب استشاري,طبيب استشاري الباطنة /غدد صماء
المساعديين الصحيين,مساعد صحي,مساعد صحي / أمن صحي
الفنيين,فني,فني بصريات رجال
التمريض,اخصائي,اخصائي تمريض 
الاخصائيين,اخصائي,اخصائي علاج طبيعي رجال غير طبيب
المساعديين الصحيين,مساعد صحي,مساعد صحي / أمن صحي
الاخصائيين,اخصائي,اخصائي علاج طبيعي رجال غير طبيب
التمريض,فني,فني تمريض
الاخصائيين,اخصائي,اخصائي علاج طبيعي رجال غير طبيب
الفنيين,فني,فني خدمات طبية طارئة رجال
المساعديين الصحيين,مساعد صحي,مساعد صحي / أمن صحي
الاخصائيين,اخصائي,اخصائي علاج طبيعي رجال غير طبيب
الصيدله,فني,فني مساعد صيدلي
المساعديين الصحيين,مساعد صحي,مساعد صحي / أمن صحي
الاخصائيين,اخصائي,اخصائي اشعه رجال غير طبيب
الاخصائيين,اخصائي,اخصائي اشعه رجال غير طبيب
المساعديين الصحيين,مساعد صحي,مساعد صحي / أمن صحي
الفنيين,فني,فني تخدير رجال
الاخصائيين,اخصائي,اخصائي مختبر نساء غير طبيب
التمريض,فني,فني تمريض
الاخصائيين,اخصائي,اخصائيه معلوماتية صحية نساء غير طبيب
المساعديين الصحيين,مساعد صحي,مساعد صحي / أمن صحي
الاخصائيين,اخصائي,اخصائي مختبر نساء غير طبيب
المساعديين الصحيين,مساعد صحي,مساعد صحي / أمن صحي
التمريض,فني,فني تمريض
الاخصائيين,اخصائي,اخصائي اشعه رجال غير طبيب
الاخصائيين,اخصائي,اخصائيه اجتماعيه نساء غير طبيب
الاخصائيين,اخصائي,اخصائي نفسي رجال غير طبيب
المساعديين الصحيين,مساعد صحي,مساعد صحي / أمن صحي
التمريض,فني,فني تمريض
الاخصائيين,اخصائي,اخصائي مختبر نساء غير طبيب
التمريض,فني,فني تمريض
الاخصائيين,اخصائي,اخصائي اشعه رجال غير طبيب
المساعديين الصحيين,مساعد صحي,مساعد صحي / أمن صحي
التمريض,اخصائي,اخصائي تمريض 
التمريض,اخصائي,اخصائي تمريض 
الأطباء,طبيب استشاري,طبيب استشاري الباطنة العامة
الإداريين,المستخدمين,حارس أمن ممارس
التمريض,فني,فني تمريض
التمريض,اخصائي,اخصائي تمريض 
الفنيين,فني,فني معلوماتية صحية رجال
التمريض,اخصائي,اخصائي تمريض 
التمريض,فني,فني تمريض
المساعديين الصحيين,مساعد صحي,مساعد صحي / أمن صحي
الاخصائيين,اخصائي,اخصائي صحة ورعاية فم واسنان رجال غير طبيب
التمريض,فني,فني تمريض
المساعديين الصحيين,مساعد صحي,مساعد صحي / أمن صحي
الفنيين,فني,فني معلوماتية صحية رجال
الاخصائيين,اخصائي,اخصائي اداره خدمات صحيه
الاخصائيين,اخصائي,اخصائي اداره خدمات صحيه
الفنيين,فني,فني تخدير رجال
التمريض,اخصائي,اخصائي تمريض 
الصيدله,فني,فني مساعد صيدلي
الاخصائيين,اخصائي,اخصائيه معلوماتية صحية نساء غير طبيب
الفنيين,فني,فني تخدير رجال
التمريض,اخصائي,اخصائي تمريض 
التمريض,فني,فني تمريض
الاخصائيين,اخصائي,اخصائي اجتماعي رجال غير طبيب
التمريض,اخصائي,اخصائي تمريض 
الصيدله,فني,فني مساعد صيدلي
التمريض,اخصائي,اخصائي تمريض 
التمريض,فني,فني تمريض
الاخصائيين,اخصائي,اخصائي معلوماتية صحية رجال غير طبيب
الفنيين,فني,فني تخدير رجال
التمريض,فني,فني تمريض
الاخصائيين,اخصائي,اخصائي اداره خدمات صحيه
الاخصائيين,اخصائي,اخصائيه اشعه نساء غير طبيب
الاخصائيين,اخصائي,اخصائي اداره خدمات صحيه
الإداريين,المستخدمين,مساعد رعاية مرضى منزلي ممارس
الاخصائيين,اخصائي,اخصائي صحة ورعاية فم واسنان رجال غير طبيب
الإداريين,المستخدمين,مساعد رعاية مرضى منزلي
الاخصائيين,اخصائي,اخصائي صحة ورعاية فم واسنان رجال غير طبيب
التمريض,فني,فني تمريض
التمريض,فني,فني تمريض
التمريض,اخصائي,اخصائي تمريض 
التمريض,اخصائي,اخصائي تمريض 
الفنيين,فني,فني تركيبات اسنان رجال
التمريض,اخصائي,اخصائي تمريض 
التمريض,فني,فني تمريض
التمريض,اخصائي,اخصائي تمريض 
الاخصائيين,اخصائي,اخصائي تاهيل حرفي نساء غير طبيب
الفنيين,فني,فني بصريات رجال
الاخصائيين,اخصائي,اخصائي اداره خدمات صحيه
التمريض,فني,فني تمريض
الاخصائيين,اخصائي,اخصائي اداره خدمات صحيه
الإداريين,المستخدمين,مساعد رعاية مرضى منزلي ممارس
التمريض,مساعد صحي,مساعد ممرض رجال
التمريض,فني,فني تمريض
التمريض,فني,فني تمريض
التمريض,اخصائي,اخصائي تمريض 
الاخصائيين,اخصائي,اخصائي معلوماتية صحية رجال غير طبيب
التمريض,مساعد صحي,مساعد ممرض رجال
الفنيين,فني,فني معلوماتية صحية نساء
التمريض,اخصائي,اخصائي تمريض 
التمريض,فني,فني تمريض
الفنيين,فني,فني ترميز طبي
الإداريين,المستخدمين,مساعد رعاية مرضى منزلي ممارس
التمريض,اخصائي,اخصائي تمريض 
الاخصائيين,اخصائي,اخصائي اداره خدمات صحيه
التمريض,اخصائي,اخصائي تمريض 
الفنيين,فني,فنيه اسنان نساء
الفنيين,فني,فني بصريات رجال
الاخصائيين,اخصائي,اخصائي اداره خدمات صحيه
الاخصائيين,اخصائي,اخصائي اشعه رجال غير طبيب
التمريض,فني,فني تمريض
الصيدله,صيدلي,صيدلي
الاخصائيين,اخصائي,اخصائي اداره خدمات صحيه
التمريض,اخصائي,اخصائي تمريض 
الفنيين,فني,فنيه اسنان نساء
الاخصائيين,اخصائي,اخصائي تخدير رجال غير طبيب
الاخصائيين,اخصائي,اخصائي معلوماتية صحية رجال غير طبيب
التمريض,فني,فني تمريض
الاخصائيين,اخصائي,اخصائي اشعة غير طبيب
الفنيين,فني,مساعده طبيب اسنان نساء
الاخصائيين,اخصائي,اخصائي مختبر نساء غير طبيب
الاخصائيين,اخصائي,اخصائي وبائيات رجال غير طبيب
التمريض,فني,فني تمريض
الفنيين,فني,فني ادارة صحية
الاخصائيين,اخصائي,اخصائي اجتماعي رجال غير طبيب
الاخصائيين,اخصائي,اخصائيه نفسيه نساء غير طبيب
التمريض,فني,فني تمريض
التمريض,اخصائي,اخصائي تمريض 
الفنيين,فني,مساعد طبيب اسنان رجال
الاخصائيين,اخصائي,اخصائي تغذية علاجية نساء غير طبيب
الفنيين,فني,سكرتير طبي رجال
الفنيين,فني,فني معلوماتية صحية رجال
الاخصائيين,اخصائي,اخصائي اجهزه طبيه رجال غير طبيب
التمريض,فني,فني تمريض
الاخصائيين,اخصائي,اخصائي علاج طبيعي غير طبيب
الفنيين,فني,فني بصريات رجال
الاخصائيين,اخصائي,اخصائي تخدير رجال غير طبيب
الاخصائيين,اخصائي,اخصائي اجتماعي رجال غير طبيب
الاخصائيين,اخصائي,اخصائي صحة ورعاية فم واسنان رجال غير طبيب
الفنيين,فني,مساعده طبيب اسنان نساء
الاخصائيين,اخصائي,اخصائي وبائيات رجال غير طبيب
الصيدله,فني,فني مساعد صيدلي
الاخصائيين,اخصائي,اخصائي مساعدة طبيب اسنان نساء غير طبيب
الفنيين,فني,فني مختبر رجال
التمريض,فني,فني تمريض
الاخصائيين,اخصائي,اخصائي اجتماعي رجال غير طبيب
التمريض,فني,فني تمريض
الإداريين,اداري,مالي اول
التمريض,فني,فني تمريض
التمريض,فني,فني تمريض
الإداريين,اداري,موظف ضمان صحي
التمريض,فني,فني تمريض
التمريض,مساعد صحي,مساعد ممرض رجال
التمريض,فني,فني تمريض
الإداريين,بند الأجور,عامل
الفنيين,فني,فني اشعه رجال
التمريض,اخصائي اول,اخصائي اول تمريض
الاخصائيين,اخصائي,اخصائي اداره خدمات صحيه
الإداريين,اداري,موظف ضمان صحي
التمريض,فني,فني تمريض
الإداريين,اداري,موظف ضمان صحي
التمريض,فني,فني تمريض
الاخصائيين,اخصائي,اخصائي وبائيات رجال غير طبيب
الفنيين,فني,فني ادارة صحية
الصيدله,فني,فني مساعد صيدلي
الفنيين,فني,فني خدمات طبية طارئة رجال
الإداريين,اداري,موظف ضمان صحي
التمريض,فني,فني تمريض
الفنيين,فني,فني عمليات رجال
الإداريين,المستخدمين,مساعد رعاية مرضى منزلي
التمريض,فني,فني تمريض
الإداريين,اداري,موظف ضمان صحي
الإداريين,المستخدمين,مساعد رعاية مرضى منزلي
الفنيين,فني,فني خدمات طبية طارئة رجال
الإداريين,المستخدمين,مساعد رعاية مرضى منزلي
التمريض,فني,فني تمريض
التمريض,فني,فني تمريض
الصيدله,فني,فني مساعد صيدلي
الفنيين,فني,فني علاج طبيعي رجال
التمريض,فني,فني تمريض
الإداريين,المستخدمين,ممارس سائق سيارة
الفنيين,فني,فنيه اسنان نساء
الاخصائيين,اخصائي,اخصائي مختبر غير طبيب	
الفنيين,فني,فني تخدير رجال
الاخصائيين,اخصائي,اخصائي اداره خدمات صحيه
الاخصائيين,اخصائي,اخصائي تغذية علاجية نساء غير طبيب
المهندسين,مهندس محترف,مهندس كهربائي محترف
التمريض,فني,فني تمريض
التمريض,فني,فني تمريض
الصيدله,فني,فني مساعد صيدلي
التمريض,فني,فني تمريض
الاخصائيين,اخصائي,اخصائي اداره خدمات صحيه
الفنيين,فني,فني مختبر رجال
التمريض,فني,فني تمريض
الفنيين,فني,فني اشعه رجال
التمريض,فني,فني تمريض
التمريض,فني,فني تمريض
الإداريين,اداري,اخصائى موارد بشريه
التمريض,اخصائي,اخصائي تمريض 
الأطباء,طبيب نائب,طبيب نائب الاسنان / علاج جذور الاسنان
التمريض,فني,فني تمريض
الصيدله,فني,فني مساعد صيدلي
الفنيين,فني,فني اشعه رجال
الاخصائيين,اخصائي,اخصائي اداره خدمات صحيه
التمريض,فني,فني تمريض
الأطباء,طبيب نائب,طبيب نائب الاسنان / جراحة الوجه والفكين
الصيدله,صيدلي,صيدلي
الاخصائيين,اخصائي,اخصائي تغذية علاجية نساء غير طبيب
الأطباء,طبيب مقيم الاسنان,طبيب مقيم الاسنان
الفنيين,فني,فني تخدير رجال
التمريض,فني,فني تمريض
الفنيين,فني,فني عمليات رجال
الأطباء,طبيب نائب,طبيب نائب الاسنان / علاج وجراحة اللثة
الاخصائيين,اخصائي,اخصائي اجتماعي رجال غير طبيب
الاخصائيين,اخصائي,اخصائي علاج طبيعي رجال غير طبيب
الفنيين,فني,فني تقنية قلب
الأطباء,طبيب استشاري,طبيب استشاري الاطفال / اسنان
الاخصائيين,اخصائي,اخصائي اشعه رجال غير طبيب
الفنيين,فني,فني عمليات رجال
الاخصائيين,اخصائي,اخصائي مختبر نساء غير طبيب
الاخصائيين,اخصائي,اخصائي مختبر رجال غير طبيب
التمريض,فني,فني تمريض
التمريض,اخصائي,اخصائي تمريض 
التمريض,فني,فني تمريض
الفنيين,فني,فنيه اشعه نساء
التمريض,فني,فني تمريض
الفنيين,فني,فني معلوماتية صحية نساء
التمريض,فني,فني تمريض
التمريض,فني,فني تمريض
الاخصائيين,اخصائي,اخصائي صحه عامه رجال غير طبيب
الاخصائيين,اخصائي,اخصائي اداره خدمات صحيه
الاخصائيين,اخصائي,اخصائي تغذية علاجية نساء غير طبيب
التمريض,فني,فني تمريض
الأطباء,طبيب مقيم,طبيب مقيم
الاخصائيين,اخصائي,اخصائي اداره خدمات صحيه
الفنيين,فني,فني علاج طبيعي رجال
الاخصائيين,اخصائي,اخصائي مختبر نساء غير طبيب
الفنيين,فني,سكرتير طبي رجال
التمريض,فني,فني تمريض
الاخصائيين,اخصائي,اخصائي مختبر رجال غير طبيب
الاخصائيين,اخصائي,اخصائي مختبر نساء غير طبيب
التمريض,فني,فني تمريض
التمريض,فني,فني تمريض
الإداريين,اداري,موظف متابعه
الفنيين,فني,فني خدمات طبية طارئة رجال
التمريض,فني,فني تمريض
الاخصائيين,اخصائي,اخصائي مختبر رجال غير طبيب
التمريض,فني,فني تمريض
الفنيين,فني,فني تخدير رجال
التمريض,فني,فني تمريض
الاخصائيين,اخصائي,اخصائي اداره خدمات صحيه
الاخصائيين,اخصائي,اخصائي مختبر نساء غير طبيب
الأطباء,طبيب استشاري,طبيب استشاري الباطنة العامة
الإداريين,بند الأجور,عامل
التمريض,فني,فني تمريض
الأطباء,طبيب نائب,طبيب نائب الاشعة التشخيصية
الفنيين,فني,فني مختبر رجال
التمريض,فني,فني تمريض
الاخصائيين,اخصائي,اخصائيه اجتماعيه نساء غير طبيب
الاخصائيين,اخصائي,اخصائي مختبر رجال غير طبيب
الأطباء,طبيب نائب,طبيب نائب الباطنة العامة
الاخصائيين,اخصائي,اخصائي اداره خدمات صحيه
الاخصائيين,اخصائي,اخصائي اداره خدمات صحيه
الفنيين,فني,مساعده طبيب اسنان نساء
التمريض,فني,فني تمريض
التمريض,فني,فني تمريض
الاخصائيين,اخصائي,اخصائي صحة عامة
الفنيين,فني,فنيه علاج طبيعي نساء
التمريض,فني,فني تمريض
التمريض,فني,فني تمريض
الاخصائيين,اخصائي,اخصائي مختبر رجال غير طبيب
الصيدله,فني,فني مساعد صيدلي
الصيدله,صيدلي,صيدلي
الصيدله,صيدلي,صيدلي
التمريض,فني,فني تمريض
الفنيين,فني,فني بصريات رجال
الفنيين,فني,فنيه اسنان نساء
التمريض,اخصائي,اخصائي تمريض 
الاخصائيين,اخصائي,اخصائي اجتماعي رجال غير طبيب
التمريض,فني,فني تمريض
التمريض,فني,فني تمريض
الاخصائيين,اخصائي,اخصائيه اجتماعيه نساء غير طبيب
الاخصائيين,اخصائي,اخصائي تغذية علاجية نساء غير طبيب
التمريض,فني,فني تمريض
التمريض,فني,فني تمريض
الاخصائيين,اخصائي,اخصائي مختبر نساء غير طبيب
الاخصائيين,اخصائي,اخصائي مختبر نساء غير طبيب
الاخصائيين,اخصائي,اخصائيه اجتماعيه نساء غير طبيب
التمريض,فني,فني تمريض
التمريض,فني,فني تمريض
الأطباء,طبيب نائب,طبيب نائب الباطنة / صدرية
الإداريين,المستخدمين,حارس أمن ممارس
الأطباء,طبيب نائب,طبيب نائب الباطنة / طب اعصاب
الاخصائيين,اخصائي,اخصائي مختبر رجال غير طبيب
الأطباء,طبيب استشاري,طبيب استشاري الباطنة / طب الاعصاب
الاخصائيين,اخصائي اول,اخصائي اول نفسي نساء غير طبيب
التمريض,فني,فني تمريض
الأطباء,طبيب استشاري,طبيب استشاري الباطنة العامة	
التمريض,فني,فني تمريض
الأطباء,طبيب نائب,طبيب نائب طب وجراحة عظام
الصيدله,صيدلي,صيدلي
الاخصائيين,اخصائي,اخصائي اشعه رجال غير طبيب
التمريض,فني,فني تمريض
الاخصائيين,اخصائي,اخصائي علاج طبيعي رجال غير طبيب
الاخصائيين,اخصائي,اخصائي مختبر نساء غير طبيب
التمريض,فني,فني تمريض
التمريض,فني,فني تمريض
التمريض,فني,فني تمريض
التمريض,فني,فني تمريض
الصيدله,فني,فني مساعد صيدلي
الصيدله,صيدلي,صيدلي
الأطباء,طبيب استشاري,طبيب استشاري طب وجراحة العظام
الأطباء,طبيب نائب,طبيب نائب طب وجراحة عظام
الفنيين,فني,فني خدمات طبية طارئة رجال
الفنيين,فني,فني صيانه اجهزه طبيه رجال
التمريض,فني,فني تمريض
الأطباء,طبيب نائب,طبيب نائب طب وجراحة عظام
الصيدله,فني,فني مساعد صيدلي
الاخصائيين,اخصائي,اخصائي اداره خدمات صحيه
الاخصائيين,اخصائي,اخصائيه معلوماتية صحية نساء غير طبيب
التمريض,فني,فني تمريض
الأطباء,طبيب نائب,طبيب نائب طب وجراحة عظام
الاخصائيين,اخصائي,اخصائي مختبر نساء غير طبيب
الاخصائيين,اخصائي,اخصائي اشعه رجال غير طبيب
الأطباء,طبيب استشاري,طبيب استشاري الباطنة العامة
الأطباء,طبيب نائب,طبيب نائب طب وجراحة عظام
التمريض,فني,فني تمريض
الأطباء,طبيب نائب,طبيب نائب طب وجراحة عظام
الفنيين,فني,فني معلوماتية صحية رجال
الاخصائيين,اخصائي,اخصائي تغذية علاجية نساء غير طبيب
التمريض,فني,فني تمريض
الأطباء,طبيب نائب,طبيب نائب جراحة المسالك البولية
التمريض,فني,فني تمريض
التمريض,فني,فني تمريض
الاخصائيين,اخصائي,اخصائي فيزياء طبيه نساء غير طبيب
الأطباء,طبيب نائب,طبيب نائب التخدير
الفنيين,فني,فني خدمات طبية طارئة رجال
الأطباء,طبيب نائب,طبيب نائب التخدير
الفنيين,فني,فنيه مختبر نساء
التمريض,فني,فني تمريض
الاخصائيين,اخصائي,اخصائي تخدير رجال غير طبيب
الاخصائيين,اخصائي,اخصائي اداره خدمات صحيه
الاخصائيين,اخصائي,اخصائيه علاج طبيعي نساء غير طبيب
التمريض,فني,فني تمريض
الاخصائيين,اخصائي اول,اخصائي اول علاج طبيعي رجال غير طبيب
الفنيين,فني,فني تخدير رجال
الاخصائيين,اخصائي,اخصائي مختبر رجال غير طبيب
الفنيين,فني,فنيه اشعه نساء
الاخصائيين,اخصائي اول,اخصائي اول فيزياء طبية رجال غير طبيب
التمريض,اخصائي,اخصائي تمريض 
الاخصائيين,اخصائي,اخصائي مختبر نساء غير طبيب
الفنيين,فني,مساعده طبيب اسنان نساء
الصيدله,فني,فني مساعد صيدلي
الأطباء,طبيب نائب,طبيب نائب التخدير
الاخصائيين,اخصائي,اخصائيه اجتماعيه نساء غير طبيب
التمريض,فني,فني تمريض
الفنيين,فني,فني خدمات طبية طارئة رجال
الاخصائيين,اخصائي,اخصائي مختبر رجال غير طبيب
التمريض,اخصائي,اخصائي تمريض 
الصيدله,صيدلي,صيدلي
الإداريين,المستخدمين,سائق سيارة
الفنيين,فني,فني خدمات طبية طارئة رجال
الأطباء,طبيب نائب,طبيب نائب التخدير
الصيدله,صيدلي,صيدلي
الفنيين,فني,فني خدمات طبية طارئة رجال
الاخصائيين,اخصائي,اخصائي اداره خدمات صحيه
الاخصائيين,اخصائي,اخصائي تخدير رجال غير طبيب
الفنيين,فني,فني خدمات طبية طارئة رجال
التمريض,فني,فني تمريض
الأطباء,طبيب نائب,طبيب نائب التخدير
الفنيين,فني,فني خدمات طبية طارئة رجال
الاخصائيين,اخصائي,اخصائي تخدير رجال غير طبيب
الأطباء,طبيب نائب,طبيب نائب التخدير
الفنيين,فني,فني خدمات طبية طارئة رجال
الصيدله,صيدلي,صيدلي
الاخصائيين,اخصائي,اخصائي تخدير رجال غير طبيب
الصيدله,فني,فني مساعد صيدلي
الاخصائيين,اخصائي,اخصائي تخدير رجال غير طبيب
الاخصائيين,اخصائي,اخصائي تخدير رجال غير طبيب
الاخصائيين,اخصائي,اخصائي تغذية علاجية نساء غير طبيب
الفنيين,فني,مساعده طبيب اسنان نساء
الأطباء,طبيب استشاري,طبيب استشاري التخدير
الاخصائيين,اخصائي,اخصائي علاج تنفسي رجال غير طبيب
الأطباء,طبيب نائب,طبيب نائب الباطنة / عناية مركزة
الصيدله,صيدلي,صيدلي
الفنيين,فني,فني تخدير رجال
الاخصائيين,اخصائي,اخصائي اشعه رجال غير طبيب
الصيدله,فني,فني مساعد صيدلي
التمريض,فني,فني تمريض
الصيدله,صيدلي,صيدلي
الأطباء,طبيب استشاري,طبيب استشاري التخدير
الاخصائيين,اخصائي,اخصائي اداره خدمات صحيه
التمريض,فني,فني تمريض
الفنيين,فني,فني خدمات طبية طارئة رجال
التمريض,فني,فني تمريض
الأطباء,طبيب استشاري,طبيب استشاري الامراض الجلدية
الاخصائيين,اخصائي,اخصائي فيزياء طبيه نساء غير طبيب
الأطباء,طبيب نائب,طبيب نائب التخدير
الاخصائيين,اخصائي,اخصائي اجتماعي رجال غير طبيب
الأطباء,طبيب نائب,طبيب نائب التخدير
الصيدله,صيدلي,صيدلي
الاخصائيين,اخصائي,اخصائي فيزياء طبيه نساء غير طبيب
التمريض,فني,فني تمريض
الأطباء,طبيب استشاري,طبيب استشاري التخدير
التمريض,فني,فني تمريض
الفنيين,فني,فني خدمات طبية طارئة رجال
الاخصائيين,اخصائي,اخصائيه اشعه نساء غير طبيب
الأطباء,طبيب نائب,طبيب نائب التخدير
الفنيين,فني,فني خدمات طبية طارئة رجال
الصيدله,فني,فني مساعد صيدلي
الاخصائيين,اخصائي,اخصائي مختبر نساء غير طبيب
التمريض,فني,فني تمريض
الأطباء,طبيب استشاري,طبيب استشاري التخدير
الإداريين,المستخدمين,مساعد رعاية مرضى منزلي
الاخصائيين,اخصائي,اخصائي اداره خدمات صحيه
الفنيين,فني,فنيه مختبر نساء
الفنيين,فني,فني بصريات رجال
التمريض,اخصائي,اخصائي تمريض 
التمريض,فني,فني تمريض
الفنيين,فني,فني عمليات رجال
الفنيين,فني,فني خدمات طبية طارئة رجال
الفنيين,فني,فني بصريات رجال
الإداريين,المستخدمين,مساعد رعاية مرضى منزلي ممارس
المساعديين الصحيين,مساعد صحي,
الصيدله,صيدلي,صيدلي
التمريض,فني,فني تمريض
التمريض,فني,فني تمريض
الاخصائيين,اخصائي,اخصائي علاج تنفسي غير طبيب
الصيدله,صيدلي,صيدلي
الاخصائيين,اخصائي,اخصائي معلوماتية صحية رجال غير طبيب
الاخصائيين,اخصائي,اخصائي علاج تنفسي غير طبيب
الاخصائيين,اخصائي,أخصائي خدمات طبية طارئة رجال
الاخصائيين,اخصائي,اخصائي اداره خدمات صحيه
الاخصائيين,اخصائي,اخصائي اشعه رجال غير طبيب
الاخصائيين,اخصائي,اخصائي علاج تنفسي غير طبيب
التمريض,فني,فني تمريض
الفنيين,فني,فني تركيبات اسنان رجال
الاخصائيين,اخصائي,اخصائي معلوماتية صحية رجال غير طبيب
الاخصائيين,اخصائي,اخصائي علاج تنفسي غير طبيب
التمريض,فني,فني تمريض
الاخصائيين,اخصائي,اخصائي علاج تنفسي رجال غير طبيب
الاخصائيين,اخصائي,اخصائي علاج تنفسي غير طبيب
الاخصائيين,اخصائي,اخصائي تغذية علاجية نساء غير طبيب
الاخصائيين,اخصائي,اخصائي علاج تنفسي غير طبيب
الصيدله,صيدلي,صيدلي
الاخصائيين,اخصائي,اخصائي علاج تنفسي غير طبيب
الاخصائيين,اخصائي,أخصائي خدمات طبية طارئة رجال
الاخصائيين,اخصائي,اخصائي اداره خدمات صحيه
الفنيين,فني,فني خدمات طبية طارئة رجال
الاخصائيين,اخصائي,اخصائي علاج تنفسي رجال غير طبيب
الفنيين,فني,مساعده طبيب اسنان نساء
التمريض,فني,فني تمريض
الفنيين,فني,فني اشعه رجال
الإداريين,المستخدمين,مساعد رعاية مرضى منزلي
الاخصائيين,اخصائي,اخصائي علاج تنفسي نساء غير طبيب
الإداريين,المستخدمين,ممارس سائق سيارة
التمريض,فني,فني تمريض
الاخصائيين,اخصائي,اخصائي علاج تنفسي نساء غير طبيب
المساعديين الصحيين,مساعد صحي,مساعد ممرض رجال
الاخصائيين,اخصائي,اخصائي علاج تنفسي نساء غير طبيب
الفنيين,فني,مساعده طبيب اسنان نساء
الصيدله,فني,فني مساعد صيدلي
التمريض,فني,فني تمريض
الاخصائيين,اخصائي,اخصائي علاج تنفسي غير طبيب
التمريض,فني,فني تمريض
الاخصائيين,اخصائي,اخصائي مختبر نساء غير طبيب
التمريض,اخصائي,اخصائي تمريض 
الاخصائيين,اخصائي,اخصائي مختبر نساء غير طبيب
التمريض,فني,فني تمريض
التمريض,فني,فني تمريض
الفنيين,فني,فني مختبر رجال
الفنيين,فني,فني بصريات رجال
التمريض,فني,فني تمريض
الفنيين,فني,فني مختبر رجال
الاخصائيين,اخصائي,اخصائي اداره خدمات صحيه
الإداريين,المستخدمين,حارس أمن ممارس
التمريض,فني,فني تمريض
الفنيين,فني,فني مختبر رجال
الاخصائيين,اخصائي,اخصائي مختبر رجال غير طبيب
التمريض,فني,فني تمريض
التمريض,اخصائي,اخصائي تمريض 
الفنيين,فني,فنيه سحب دم
الأطباء,طبيب نائب,طبيب نائب الاسنان / جراحة الوجه والفكين
الأطباء,طبيب نائب,طبيب نائب الباطنة / غدد صماء
الأطباء,طبيب استشاري,طبيب استشاري المختبرات / امراض دم
الأطباء,طبيب نائب,طبيب نائب الباطنة / روماتيزم
الفنيين,فني,فني مختبر رجال
الأطباء,طبيب نائب,طبيب نائب الباطنة / جهاز هضمي
التمريض,اخصائي,اخصائي تمريض 
الأطباء,طبيب استشاري,طبيب استشاري المختبرات / امراض سريرية
التمريض,اخصائي,اخصائي تمريض 
الأطباء,طبيب نائب,طبيب نائب الباطنة / قلب
التمريض,اخصائي,اخصائي تمريض 
الأطباء,طبيب نائب,طبيب نائب المختبرات / امراض سريرية
التمريض,اخصائي,اخصائي تمريض 
التمريض,اخصائي,اخصائي تمريض 
التمريض,اخصائي,اخصائي تمريض 
التمريض,فني,فني تمريض
التمريض,اخصائي,اخصائي تمريض 
التمريض,اخصائي,اخصائي تمريض 
الأطباء,طبيب نائب,طبيب نائب الاشعة التشخيصية
التمريض,اخصائي,اخصائي تمريض 
التمريض,اخصائي,اخصائي تمريض 
التمريض,اخصائي,اخصائي تمريض 
التمريض,اخصائي,اخصائي تمريض 
الأطباء,طبيب مقيم,طبيب مقيم
التمريض,اخصائي,اخصائي تمريض 
الأطباء,طبيب نائب,طبيب نائب طب وجراحة عظام
التمريض,اخصائي,اخصائي تمريض 
التمريض,اخصائي,اخصائي تمريض 
الأطباء,طبيب نائب,طبيب نائب الباطنة / قلب
الأطباء,طبيب نائب,طبيب نائب الاشعة التشخيصية
الفنيين,فني,فني مختبر رجال
الأطباء,طبيب نائب,طبيب نائب الاسنان / استعاضة سنية
الأطباء,طبيب نائب,طبيب نائب الطب النفسي
التمريض,فني,فني تمريض
الأطباء,طبيب مقيم,طبيب مقيم
التمريض,اخصائي,اخصائي تمريض 
الأطباء,طبيب نائب,طبيب نائب جراحة الاوعية الدموية
الأطباء,طبيب استشاري,طبيب استشاري جراحة الاوعية الدموية
التمريض,اخصائي,اخصائي تمريض 
التمريض,اخصائي,اخصائي تمريض 
التمريض,اخصائي,اخصائي تمريض 
التمريض,اخصائي,اخصائي تمريض 
التمريض,اخصائي,اخصائي تمريض 
التمريض,اخصائي,اخصائي تمريض 
التمريض,اخصائي,اخصائي تمريض 
التمريض,اخصائي,اخصائي تمريض 
الفنيين,فني,فني مختبر رجال
التمريض,اخصائي,اخصائي تمريض 
التمريض,اخصائي,اخصائي تمريض 
التمريض,اخصائي,اخصائي تمريض 
التمريض,اخصائي,اخصائي تمريض 
التمريض,اخصائي,اخصائي تمريض 
الفنيين,فني,فني مختبر رجال
التمريض,اخصائي,اخصائي تمريض 
الصيدله,فني,فني مساعد صيدلي
التمريض,اخصائي,اخصائي تمريض 
التمريض,اخصائي,اخصائي تمريض 
التمريض,اخصائي,اخصائي تمريض 
التمريض,اخصائي,اخصائي تمريض 
التمريض,اخصائي,اخصائي تمريض 
الفنيين,فني,فني مختبر رجال
التمريض,اخصائي,اخصائي تمريض 
الفنيين,فني,فني مختبر رجال
التمريض,اخصائي,اخصائي تمريض 
التمريض,اخصائي,اخصائي تمريض 
التمريض,اخصائي,اخصائي تمريض 
الأطباء,طبيب نائب,طبيب نائب طب وجراحة العيون
التمريض,فني,فني تمريض
التمريض,اخصائي,اخصائي تمريض 
التمريض,فني,فني تمريض
الأطباء,طبيب استشاري,طبيب استشاري الجراحة العامة
الفنيين,فني,فني مختبر رجال
التمريض,اخصائي,اخصائي تمريض 
الفنيين,فني,فني مختبر رجال
التمريض,اخصائي,اخصائي تمريض 
الأطباء,طبيب نائب,طبيب نائب المختبرات / احياء دقيقة
التمريض,اخصائي,اخصائي تمريض 
التمريض,اخصائي اول,اخصائي اول تمريض
التمريض,اخصائي,اخصائي تمريض 
الاخصائيين,اخصائي,اخصائي مختبر نساء غير طبيب
التمريض,اخصائي,اخصائي تمريض 
التمريض,اخصائي,اخصائي تمريض 
التمريض,اخصائي,اخصائي تمريض 
الفنيين,فني,فني صيانه اجهزه طبيه رجال
التمريض,اخصائي,اخصائي تمريض 
التمريض,اخصائي,اخصائي تمريض 
التمريض,اخصائي,اخصائي تمريض 
التمريض,اخصائي,اخصائي تمريض 
التمريض,اخصائي,اخصائي تمريض 
التمريض,اخصائي,اخصائي تمريض 
التمريض,اخصائي,اخصائي تمريض 
التمريض,اخصائي,اخصائي تمريض 
التمريض,اخصائي,اخصائي تمريض 
الفنيين,فني,مساعده طبيب اسنان نساء
التمريض,اخصائي,اخصائي تمريض 
التمريض,اخصائي,اخصائي تمريض 
الفنيين,فني,فني ترميز طبي
التمريض,اخصائي,اخصائي تمريض 
الفنيين,فني,فني ترميز طبي
التمريض,اخصائي,اخصائي تمريض 
الفنيين,فني,فني رعاية مرضى
التمريض,اخصائي,اخصائي تمريض 
التمريض,اخصائي,اخصائي تمريض 
الفنيين,فني,فني رعاية مرضى
التمريض,اخصائي,اخصائي تمريض 
الفنيين,فني,فني تعقيم
التمريض,اخصائي,اخصائي تمريض 
الفنيين,فني,فني تعقيم
التمريض,اخصائي,اخصائي تمريض 
الفنيين,فني,فني رعاية مرضى
التمريض,اخصائي,اخصائي تمريض 
الفنيين,فني,فني رعاية مرضى
التمريض,اخصائي,اخصائي تمريض 
الفنيين,فني,فني رعاية مرضى
الفنيين,فني,فني تعقيم
التمريض,اخصائي,اخصائي تمريض 
الفنيين,فني,فني تعقيم
التمريض,اخصائي,اخصائي تمريض 
التمريض,اخصائي,اخصائي تمريض 
الفنيين,فني,فني اشعه رجال
الأطباء,طبيب نائب,طبيب نائب الباطنة / قلب
الفنيين,فني,فني رعاية مرضى
الأطباء,طبيب نائب,طبيب نائب الباطنة / جهاز هضمي
الفنيين,فني,فني رعاية مرضى
التمريض,اخصائي,اخصائي تمريض 
الفنيين,فني,فني رعاية مرضى
التمريض,فني,فني تمريض
التمريض,اخصائي,اخصائي تمريض 
الأطباء,طبيب نائب,طبيب نائب المختبرات / امراض دم
الفنيين,فني,فني ترميز طبي
الفنيين,فني,فني تعقيم
الفنيين,فني,فني ترميز طبي
الأطباء,طبيب نائب,طبيب نائب الاسنان / استعاضة سنية
الفنيين,فني,فني رعاية مرضى
الأطباء,طبيب استشاري,طبيب استشاري الباطنة / جهاز هضمي
الفنيين,فني,فني تعقيم
التمريض,اخصائي,اخصائي تمريض 
الفنيين,فني,فني ترميز طبي
الأطباء,طبيب نائب,طبيب نائب جراحة المخ والاعصاب
التمريض,اخصائي,اخصائي تمريض 
الأطباء,طبيب نائب,طبيب نائب طب الاسرة
التمريض,اخصائي,اخصائي تمريض 
الفنيين,فني,فني رعاية مرضى
التمريض,اخصائي,اخصائي تمريض 
الأطباء,طبيب نائب,طبيب نائب الاشعة التشخيصية
الفنيين,فني,فني رعاية مرضى
الفنيين,فني,فني رعاية مرضى
الفنيين,فني,فني رعاية مرضى
التمريض,اخصائي,اخصائي تمريض 
الفنيين,فني,فني رعاية مرضى
التمريض,اخصائي,اخصائي تمريض 
التمريض,اخصائي,اخصائي تمريض 
الفنيين,فني,فني رعاية مرضى
التمريض,اخصائي,اخصائي تمريض 
الفنيين,فني,فني تعقيم
الفنيين,فني,فني تعقيم
التمريض,اخصائي,اخصائي تمريض 
الفنيين,فني,مساعد طبيب أسنان
التمريض,اخصائي,اخصائي تمريض 
الفنيين,فني,فني رعاية مرضى
الفنيين,فني,فني رعاية مرضى
التمريض,اخصائي,اخصائي تمريض 
الفنيين,فني,فني رعاية مرضى
التمريض,اخصائي,اخصائي تمريض 
الفنيين,فني,فني رعاية مرضى
الاخصائيين,اخصائي,اخصائي فيزياء طبيه نساء غير طبيب
الفنيين,فني,مساعد طبيب أسنان
الفنيين,فني,مساعد طبيب أسنان
التمريض,اخصائي,اخصائي تمريض 
الفنيين,فني,مساعد طبيب أسنان
التمريض,اخصائي,اخصائي تمريض 
الفنيين,فني,فني رعاية مرضى
الفنيين,فني,فني رعاية مرضى
الفنيين,فني,فنيه علاج طبيعي نساء
التمريض,اخصائي,اخصائي تمريض 
الفنيين,فني,فني رعاية مرضى
الفنيين,فني,فني رعاية مرضى
الفنيين,فني,فني رعاية مرضى
الإداريين,اداري,فني إحصاء طبي متقدم
الفنيين,فني,مساعد طبيب أسنان
الفنيين,فني,مساعد طبيب أسنان
المهندسين,مهندس مشارك,مهندس معماري مشارك
الفنيين,فني,مساعد طبيب أسنان
التمريض,اخصائي,اخصائي تمريض 
الاخصائيين,اخصائي,اخصائي تثقيف صحي رجال غير طبيب
الاخصائيين,اخصائي,اخصائيه اشعه نساء غير طبيب
الاخصائيين,اخصائي,اخصائي اطراف صناعيه رجال غير طبيب
الاخصائيين,اخصائي,اخصائيه اشعه نساء غير طبيب
الاخصائيين,اخصائي,اخصائيه اشعه نساء غير طبيب
الاخصائيين,اخصائي,اخصائي تثقيف صحي رجال غير طبيب
المساعديين الصحيين,مساعد صحي,مساعد صحي / أمن صحي
التمريض,اخصائي,اخصائي تمريض 
الفنيين,فني,فني تعقيم نساء
المساعديين الصحيين,مساعد صحي,مساعد صحي / أمن صحي
الفنيين,فني,فني تعقيم
التمريض,اخصائي,اخصائي تمريض 
الفنيين,فني,فني تعقيم
التمريض,اخصائي,اخصائي تمريض 
المساعديين الصحيين,مساعد صحي,مساعد صحي / أمن صحي
التمريض,اخصائي,اخصائي تمريض 
الفنيين,فني,فني تعقيم
التمريض,اخصائي,اخصائي تمريض 
الفنيين,فني,فني تعقيم
الفنيين,فني,فني تعقيم
الفنيين,فني,فني تعقيم
الاخصائيين,اخصائي,اخصائي تغذية علاجية نساء غير طبيب
الفنيين,فني,فني تعقيم
التمريض,اخصائي,اخصائي تمريض 
الفنيين,فني,فني تعقيم
التمريض,اخصائي,اخصائي تمريض 
الفنيين,فني,فني تعقيم
التمريض,اخصائي,اخصائي تمريض 
التمريض,اخصائي,اخصائي تمريض 
الفنيين,فني,فني تعقيم
الأطباء,طبيب نائب,طبيب نائب الاشعة التشخيصية
الاخصائيين,اخصائي,اخصائيه اشعه نساء غير طبيب
الإداريين,المستخدمين,ممارس سائق سيارة
الاخصائيين,اخصائي,اخصائيه علاج طبيعي نساء غير طبيب
الإداريين,المستخدمين,ممارس سائق سيارة
الاخصائيين,اخصائي,اخصائيه اشعه نساء غير طبيب
الاخصائيين,اخصائي,اخصائيه اشعه نساء غير طبيب
الاخصائيين,اخصائي,اخصائيه اشعه نساء غير طبيب
الأطباء,طبيب مقيم,طبيب مقيم
التمريض,اخصائي,اخصائي تمريض 
الاخصائيين,اخصائي,اخصائيه علاج طبيعي نساء غير طبيب
التمريض,اخصائي,اخصائي تمريض 
التمريض,اخصائي,اخصائي تمريض 
التمريض,اخصائي,اخصائي تمريض 
الإداريين,المستخدمين,عامل تنظيف مكاتب ومنشآت
الاخصائيين,اخصائي,اخصائي علاج وظيفي غير طبيب
الإداريين,المستخدمين,مساعد رعاية مرضى منزلي
الإداريين,بند الأجور,عامل
التمريض,اخصائي,اخصائي تمريض 
التمريض,اخصائي,اخصائي تمريض 
الاخصائيين,اخصائي,اخصائي علاج طبيعي رجال غير طبيب
الإداريين,اداري,اخصائى ملفات و وثائق
الأطباء,طبيب نائب,طبيب نائب الباطنة العامة
الاخصائيين,اخصائي,اخصائي استشاري علاج طبيعي رجال غير طبيب
التمريض,اخصائي,اخصائي تمريض 
التمريض,اخصائي,اخصائي تمريض 
التمريض,اخصائي,اخصائي تمريض 
الاخصائيين,اخصائي,اخصائي علاج طبيعي رجال غير طبيب
التمريض,اخصائي,اخصائي تمريض 
الاخصائيين,اخصائي,اخصائي علاج وظيفي غير طبيب
التمريض,اخصائي,اخصائي تمريض 
التمريض,اخصائي,اخصائي تمريض 
الاخصائيين,اخصائي,اخصائي علاج طبيعي غير طبيب
التمريض,اخصائي,اخصائي تمريض 
التمريض,اخصائي,اخصائي تمريض 
الأطباء,طبيب نائب,طبيب نائب طب طبيعي واعادة تأهيل
التمريض,اخصائي,اخصائي تمريض 
التمريض,اخصائي,اخصائي تمريض 
التمريض,اخصائي,اخصائي تمريض 
التمريض,اخصائي,اخصائي تمريض 
التمريض,اخصائي,اخصائي تمريض 
الاخصائيين,اخصائي,اخصائي علاج طبيعي غير طبيب
التمريض,اخصائي اول,اخصائي اول تمريض
التمريض,اخصائي,اخصائي تمريض 
التمريض,اخصائي,اخصائي تمريض 
الاخصائيين,اخصائي,اخصائي علاج طبيعي غير طبيب
التمريض,اخصائي,اخصائي تمريض 
الاخصائيين,اخصائي,اخصائي علاج طبيعي غير طبيب
التمريض,اخصائي,اخصائي تمريض 
التمريض,اخصائي,اخصائي تمريض 
التمريض,اخصائي,اخصائي تمريض 
التمريض,اخصائي,اخصائي تمريض 
الاخصائيين,اخصائي,اخصائيه علاج طبيعي نساء غير طبيب
التمريض,اخصائي,اخصائي تمريض 
الإداريين,بند الأجور,عامل
التمريض,اخصائي,اخصائي تمريض 
الاخصائيين,اخصائي,اخصائي علاج طبيعي غير طبيب
التمريض,اخصائي,اخصائي تمريض 
الإداريين,بند الأجور,عامل
الاخصائيين,اخصائي,اخصائي علاج طبيعي غير طبيب	
التمريض,اخصائي,اخصائي تمريض 
الفنيين,فني,فني خدمات طبية طارئة رجال
الاخصائيين,اخصائي,اخصائي تثقيف صحي رجال غير طبيب
التمريض,اخصائي,اخصائي تمريض 
الإداريين,بند الأجور,عامل
التمريض,اخصائي,اخصائي تمريض 
الاخصائيين,اخصائي,أخصائي تثقيف صحي
الفنيين,فني,فني مراقب وبائيات رجال
الصيدله,فني,فني مساعد صيدلي
الصيدله,فني,فني مساعد صيدلي
المهندسين,مهندس محترف,مهندس كهربائي محترف
الاخصائيين,اخصائي,أخصائي خدمات طبية طارئة رجال
الفنيين,فني,فني خدمات طبية طارئة رجال
الاخصائيين,اخصائي,أخصائي خدمات طبية طارئة رجال
الفنيين,فني,فني مراقب وبائيات رجال
التمريض,اخصائي,اخصائي تمريض 
الأطباء,طبيب مقيم,طبيب مقيم
الأطباء,طبيب مقيم,طبيب مقيم
التمريض,اخصائي,اخصائي تمريض 
التمريض,اخصائي,اخصائي تمريض 
التمريض,اخصائي,اخصائي تمريض 
التمريض,اخصائي,اخصائي تمريض 
الصيدله,صيدلي,صيدلي
التمريض,اخصائي,اخصائي تمريض 
التمريض,اخصائي,اخصائي تمريض 
التمريض,اخصائي,اخصائي تمريض 
التمريض,اخصائي,اخصائي تمريض 
التمريض,اخصائي,اخصائي تمريض 
التمريض,اخصائي,اخصائي تمريض 
التمريض,اخصائي,اخصائي تمريض 
التمريض,اخصائي,اخصائي تمريض 
التمريض,اخصائي,اخصائي تمريض 
الأطباء,طبيب استشاري,طبيب استشاري الباطنة / عناية مركزه
الأطباء,طبيب نائب,طبيب نائب الباطنة العامة
التمريض,اخصائي,اخصائي تمريض 
الأطباء,طبيب استشاري,طبيب استشاري الباطنة / روماتيزم
الأطباء,طبيب استشاري,طبيب استشاري الباطنة العامة
التمريض,اخصائي,اخصائي تمريض 
التمريض,اخصائي,اخصائي تمريض 
التمريض,اخصائي,اخصائي تمريض 
الأطباء,طبيب استشاري,طبيب استشاري الجراحة العامة
الفنيين,فني,فني خدمات طبية طارئة رجال
الأطباء,طبيب استشاري,طبيب استشاري الباطنة / جهاز هضمي
الأطباء,طبيب نائب,طبيب نائب الامراض الجلدية
التمريض,اخصائي,اخصائي تمريض 
التمريض,اخصائي,اخصائي تمريض 
التمريض,اخصائي,اخصائي تمريض 
الصيدله,صيدلي,صيدلي
الاخصائيين,اخصائي,اخصائي فيزياء طبيه رجال غير طبيب
الصيدله,صيدلي,صيدلي
الأطباء,طبيب نائب,طبيب نائب الباطنة العامة
التمريض,اخصائي,اخصائي تمريض 
الأطباء,طبيب استشاري,طبيب استشاري جراحة المخ والاعصاب
التمريض,اخصائي,اخصائي تمريض 
الاخصائيين,اخصائي,اخصائي وبائيات رجال غير طبيب
الأطباء,طبيب استشاري,طبيب استشاري الباطنة العامة
الأطباء,طبيب استشاري,طبيب استشاري الجراحة العامة
التمريض,اخصائي,اخصائي تمريض 
الأطباء,طبيب استشاري,طبيب استشاري طب وجراحة العظام
الأطباء,طبيب نائب,طبيب نائب أعصاب
التمريض,اخصائي,اخصائي تمريض 
التمريض,اخصائي,اخصائي تمريض 
الأطباء,طبيب نائب,طبيب نائب الباطنة العامة
التمريض,اخصائي,اخصائي تمريض 
التمريض,اخصائي,اخصائي تمريض 
الأطباء,طبيب نائب,طبيب نائب طب الاسرة
الأطباء,طبيب استشاري,طبيب استشاري الامراض الجلدية
الأطباء,طبيب مقيم الاسنان,طبيب مقيم الاسنان
الأطباء,طبيب نائب,طبيب نائب الباطنة العامة
التمريض,اخصائي,اخصائي تمريض 
التمريض,اخصائي,اخصائي تمريض 
الاخصائيين,اخصائي,أخصائي خدمات طبية طارئة رجال	
الاخصائيين,اخصائي,أخصائي خدمات طبية طارئة رجال
الاخصائيين,اخصائي,أخصائي خدمات طبية طارئة رجال	
التمريض,اخصائي,اخصائي تمريض 
التمريض,اخصائي,اخصائي تمريض 
الأطباء,طبيب مقيم الاسنان,طبيب مقيم الاسنان
التمريض,اخصائي,اخصائي تمريض 
الأطباء,طبيب نائب,طبيب نائب جراحة التجميل
الأطباء,طبيب استشاري,طبيب استشاري جراحة الاوعية الدموية	
الأطباء,طبيب استشاري,طبيب استشاري الجراحة العامة
الأطباء,طبيب نائب,طبيب نائب الجراحة العامة
التمريض,اخصائي,اخصائي تمريض 
الأطباء,طبيب مقيم,طبيب مقيم
التمريض,اخصائي,اخصائي تمريض 
التمريض,اخصائي,اخصائي تمريض 
الأطباء,طبيب مقيم,طبيب مقيم
التمريض,اخصائي,اخصائي تمريض 
التمريض,اخصائي,اخصائي تمريض 
التمريض,اخصائي,اخصائي تمريض 
التمريض,اخصائي,اخصائي تمريض 
التمريض,اخصائي,اخصائي تمريض 
التمريض,اخصائي,اخصائي تمريض 
الأطباء,طبيب مقيم,طبيب مقيم
التمريض,اخصائي,اخصائي تمريض 
الأطباء,طبيب نائب,طبيب نائب جراحة المخ والاعصاب
التمريض,اخصائي,اخصائي تمريض 
الأطباء,طبيب مقيم,طبيب مقيم
الأطباء,طبيب استشاري,طبيب استشاري الجراحة العامة
الأطباء,طبيب نائب,طبيب نائب جراحة الانف والاذن والحنجرة / سمعيات
التمريض,اخصائي,اخصائي تمريض 
الأطباء,طبيب نائب,طبيب نائب جراحة الانف والاذن والحنجرة
الأطباء,طبيب استشاري,طبيب استشاري الاسنان / تقويم
الأطباء,طبيب نائب,طبيب نائب جراحة الانف والاذن والحنجرة
الإداريين,اداري,اخصائى قيادى ادارى
التمريض,اخصائي,اخصائي تمريض 
التمريض,اخصائي,اخصائي تمريض 
التمريض,اخصائي,اخصائي تمريض 
الفنيين,فني,فني خدمات طبية طارئة رجال
التمريض,اخصائي,اخصائي تمريض 
التمريض,اخصائي,اخصائي تمريض 
التمريض,اخصائي,اخصائي تمريض 
التمريض,اخصائي,اخصائي تمريض 
التمريض,اخصائي,اخصائي تمريض 
التمريض,اخصائي,اخصائي تمريض 
الأطباء,طبيب استشاري,طبيب استشاري اشعه عصبي تداخلي
التمريض,اخصائي,اخصائي تمريض 
التمريض,اخصائي,اخصائي تمريض 
التمريض,اخصائي,اخصائي تمريض 
التمريض,اخصائي,اخصائي تمريض 
الأطباء,طبيب نائب,طبيب نائب الاشعة التشخيصية
التمريض,اخصائي,اخصائي تمريض 
التمريض,اخصائي,اخصائي تمريض 
التمريض,اخصائي,اخصائي تمريض 
التمريض,اخصائي,اخصائي تمريض 
التمريض,اخصائي,اخصائي تمريض 
التمريض,اخصائي,اخصائي تمريض 
التمريض,اخصائي,اخصائي تمريض 
التمريض,اخصائي,اخصائي تمريض 
التمريض,اخصائي,اخصائي تمريض 
التمريض,اخصائي,اخصائي تمريض 
التمريض,اخصائي,اخصائي تمريض 
التمريض,اخصائي,اخصائي تمريض 
التمريض,اخصائي,اخصائي تمريض 
التمريض,اخصائي,اخصائي تمريض 
الصيدله,فني,فني مساعد صيدلي
التمريض,اخصائي,اخصائي تمريض 
التمريض,اخصائي,اخصائي تمريض 
التمريض,اخصائي,اخصائي تمريض 
التمريض,اخصائي,اخصائي تمريض 
التمريض,اخصائي,اخصائي تمريض 
التمريض,اخصائي,اخصائي تمريض 
التمريض,اخصائي,اخصائي تمريض 
التمريض,اخصائي,اخصائي تمريض 
التمريض,اخصائي,اخصائي تمريض 
التمريض,اخصائي,اخصائي تمريض 
التمريض,اخصائي,اخصائي تمريض 
التمريض,اخصائي,اخصائي تمريض 
الاخصائيين,اخصائي اول,اخصائي اول اجتماعي رجال غير طبيب
التمريض,اخصائي,اخصائي تمريض 
التمريض,اخصائي,اخصائي تمريض 
التمريض,اخصائي,اخصائي تمريض 
التمريض,اخصائي,اخصائي تمريض 
التمريض,اخصائي,اخصائي تمريض 
التمريض,اخصائي,اخصائي تمريض 
التمريض,اخصائي,اخصائي تمريض 
التمريض,اخصائي,اخصائي تمريض 
التمريض,اخصائي,اخصائي تمريض 
التمريض,اخصائي,اخصائي تمريض 
الفنيين,فني,مساعد طبيب أسنان
التمريض,اخصائي,اخصائي تمريض 
التمريض,اخصائي,اخصائي تمريض 
التمريض,اخصائي,اخصائي تمريض 
التمريض,اخصائي,اخصائي تمريض 
التمريض,اخصائي,اخصائي تمريض 
التمريض,اخصائي,اخصائي تمريض 
الأطباء,طبيب استشاري,طبيب استشاري طب الاسرة
الإداريين,اداري,اخصائى محلل و مصمم نظم
الصيدله,صيدلي,صيدلي
التمريض,اخصائي,اخصائي تمريض 
التمريض,اخصائي,اخصائي تمريض 
الصيدله,فني,فني مساعد صيدلي
التمريض,اخصائي,اخصائي تمريض 
التمريض,اخصائي,اخصائي تمريض 
التمريض,اخصائي,اخصائي تمريض 
التمريض,اخصائي,اخصائي تمريض 
التمريض,اخصائي,اخصائي تمريض 
التمريض,اخصائي,اخصائي تمريض 
التمريض,اخصائي,اخصائي تمريض 
التمريض,اخصائي,اخصائي تمريض 
التمريض,اخصائي,اخصائي تمريض 
التمريض,اخصائي,اخصائي تمريض 
التمريض,اخصائي,اخصائي تمريض 
التمريض,اخصائي,اخصائي تمريض 
التمريض,اخصائي,اخصائي تمريض 
الأطباء,طبيب استشاري,طبيب استشاري الاشعة التشخيصية
الأطباء,طبيب استشاري,طبيب استشاري الباطنة العامة
الاخصائيين,اخصائي,اخصائي صحه عامه رجال غير طبيب
التمريض,اخصائي,اخصائي تمريض 
التمريض,اخصائي,اخصائي تمريض 
الأطباء,طبيب نائب,طبيب نائب الجراحة العامة
الإداريين,اداري,اخصائي علاقات عامه
التمريض,اخصائي,اخصائي تمريض 
التمريض,اخصائي,اخصائي تمريض 
الاخصائيين,اخصائي,اخصائي تغذية علاجية غير طبيب
التمريض,اخصائي,اخصائي تمريض 
الفنيين,فني,مساعد طبيب أسنان
الفنيين,فني,مساعد طبيب أسنان
الفنيين,فني,مساعد طبيب اسنان
الفنيين,فني,مساعد طبيب أسنان
الفنيين,فني,مساعد طبيب أسنان
الفنيين,فني,مساعد طبيب أسنان
التمريض,اخصائي,اخصائي تمريض 
التمريض,اخصائي,اخصائي تمريض 
التمريض,اخصائي,اخصائي تمريض 
الاخصائيين,اخصائي,أخصائي خدمات طبية طارئة رجال
التمريض,اخصائي,اخصائي تمريض 
الفنيين,فني,مساعد طبيب أسنان
التمريض,اخصائي,اخصائي تمريض 
التمريض,اخصائي,اخصائي تمريض 
التمريض,اخصائي,اخصائي تمريض 
التمريض,اخصائي,اخصائي تمريض 
التمريض,اخصائي,اخصائي تمريض 
التمريض,اخصائي,اخصائي تمريض 
التمريض,اخصائي,اخصائي تمريض 
الأطباء,طبيب استشاري,طبيب استشاري الباطنة العامة
الأطباء,طبيب نائب,طبيب نائب الامراض الجلدية
الأطباء,طبيب مقيم,طبيب مقيم
التمريض,اخصائي,اخصائي تمريض 
الإداريين,اداري,مهندس كهربائي
التمريض,اخصائي,اخصائي تمريض 
التمريض,اخصائي,اخصائي تمريض 
التمريض,اخصائي,اخصائي تمريض 
التمريض,اخصائي,اخصائي تمريض 
التمريض,اخصائي,اخصائي تمريض 
التمريض,اخصائي,اخصائي تمريض 
التمريض,اخصائي,اخصائي تمريض 
التمريض,اخصائي,اخصائي تمريض 
التمريض,اخصائي,اخصائي تمريض 
التمريض,اخصائي,اخصائي تمريض 
التمريض,اخصائي,اخصائي تمريض 
التمريض,اخصائي,اخصائي تمريض 
التمريض,اخصائي,اخصائي تمريض 
التمريض,اخصائي,اخصائي تمريض 
التمريض,اخصائي,اخصائي تمريض 
التمريض,اخصائي,اخصائي تمريض 
التمريض,اخصائي,اخصائي تمريض 
التمريض,اخصائي,اخصائي تمريض 
التمريض,اخصائي,اخصائي تمريض 
التمريض,اخصائي,اخصائي تمريض 
التمريض,اخصائي,اخصائي تمريض 
التمريض,اخصائي,اخصائي تمريض 
التمريض,اخصائي,اخصائي تمريض 
التمريض,اخصائي,اخصائي تمريض 
التمريض,اخصائي,اخصائي تمريض 
التمريض,اخصائي,اخصائي تمريض 
التمريض,اخصائي,اخصائي تمريض 
التمريض,اخصائي,اخصائي تمريض 
التمريض,اخصائي,اخصائي تمريض 
التمريض,اخصائي,اخصائي تمريض 
التمريض,اخصائي,اخصائي تمريض 
التمريض,اخصائي,اخصائي تمريض 
الفنيين,فني,فني خدمات طبية طارئة رجال
التمريض,اخصائي,اخصائي تمريض 
التمريض,اخصائي,اخصائي تمريض 
التمريض,اخصائي,اخصائي تمريض 
الإداريين,اداري,اخصائى شبكات
التمريض,اخصائي,اخصائي تمريض 
التمريض,اخصائي,اخصائي تمريض 
التمريض,اخصائي,اخصائي تمريض 
التمريض,اخصائي,اخصائي تمريض 
التمريض,اخصائي,اخصائي تمريض 
التمريض,اخصائي,اخصائي تمريض 
التمريض,اخصائي,اخصائي تمريض 
التمريض,اخصائي,اخصائي تمريض 
التمريض,اخصائي,اخصائي تمريض 
الفنيين,فني,مساعد طبيب اسنان
الأطباء,طبيب استشاري,طبيب استشاري الاسنان / تقويم
التمريض,اخصائي,اخصائي تمريض 
التمريض,اخصائي,اخصائي تمريض 
التمريض,اخصائي,اخصائي تمريض 
التمريض,اخصائي,اخصائي تمريض 
التمريض,اخصائي,اخصائي تمريض 
التمريض,اخصائي,اخصائي تمريض 
التمريض,اخصائي,اخصائي تمريض 
التمريض,اخصائي,اخصائي تمريض 
التمريض,اخصائي,اخصائي تمريض 
التمريض,اخصائي,اخصائي تمريض 
التمريض,اخصائي,اخصائي تمريض 
التمريض,اخصائي,اخصائي تمريض 
التمريض,اخصائي,اخصائي تمريض 
التمريض,اخصائي,اخصائي تمريض 
التمريض,اخصائي,اخصائي تمريض 
التمريض,اخصائي,اخصائي تمريض 
التمريض,اخصائي,اخصائي تمريض 
التمريض,اخصائي,اخصائي تمريض 
التمريض,اخصائي,اخصائي تمريض 
التمريض,اخصائي,اخصائي تمريض 
التمريض,اخصائي,اخصائي تمريض 
التمريض,اخصائي,اخصائي تمريض 
التمريض,اخصائي,اخصائي تمريض 
التمريض,اخصائي,اخصائي تمريض 
التمريض,اخصائي,اخصائي تمريض 
التمريض,اخصائي,اخصائي تمريض 
التمريض,اخصائي,اخصائي تمريض 
التمريض,اخصائي,اخصائي تمريض 
التمريض,اخصائي,اخصائي تمريض 
التمريض,اخصائي,اخصائي تمريض 
التمريض,اخصائي,اخصائي تمريض 
الأطباء,طبيب نائب,طبيب نائب الاسنان / تقويم
التمريض,فني,فني تمريض
التمريض,اخصائي,اخصائي تمريض 
التمريض,اخصائي,اخصائي تمريض 
التمريض,اخصائي,اخصائي تمريض 
الأطباء,طبيب استشاري,طبيب استشاري الباطنة /غدد صماء
التمريض,اخصائي,اخصائي تمريض 
التمريض,اخصائي,اخصائي تمريض 
التمريض,اخصائي,اخصائي تمريض 
التمريض,اخصائي,اخصائي تمريض 
التمريض,اخصائي,اخصائي تمريض 
التمريض,فني,فني تمريض
التمريض,اخصائي,اخصائي تمريض 
التمريض,اخصائي,اخصائي تمريض 
التمريض,اخصائي,اخصائي تمريض 
التمريض,اخصائي,اخصائي تمريض 
التمريض,اخصائي,اخصائي تمريض 
التمريض,فني,فني تمريض
التمريض,اخصائي,اخصائي تمريض 
التمريض,اخصائي,اخصائي تمريض 
التمريض,اخصائي,اخصائي تمريض 
التمريض,اخصائي,اخصائي تمريض 
التمريض,اخصائي,اخصائي تمريض 
التمريض,اخصائي,اخصائي تمريض 
التمريض,اخصائي,اخصائي تمريض 
التمريض,اخصائي,اخصائي تمريض 
التمريض,اخصائي,اخصائي تمريض 
التمريض,اخصائي,اخصائي تمريض 
التمريض,اخصائي,اخصائي تمريض 
التمريض,اخصائي,اخصائي تمريض 
التمريض,اخصائي,اخصائي تمريض 
التمريض,اخصائي,اخصائي تمريض 
التمريض,اخصائي,اخصائي تمريض 
التمريض,اخصائي,اخصائي تمريض 
التمريض,اخصائي,اخصائي تمريض 
التمريض,اخصائي,اخصائي تمريض 
التمريض,اخصائي,اخصائي تمريض 
التمريض,اخصائي,اخصائي تمريض 
التمريض,اخصائي,اخصائي تمريض 
التمريض,فني,فني تمريض
التمريض,اخصائي,اخصائي تمريض 
التمريض,اخصائي,اخصائي تمريض 
التمريض,اخصائي,اخصائي تمريض 
التمريض,اخصائي,اخصائي تمريض 
التمريض,اخصائي,اخصائي تمريض 
التمريض,اخصائي,اخصائي تمريض 
التمريض,اخصائي,اخصائي تمريض 
التمريض,اخصائي,اخصائي تمريض 
الفنيين,فني,مساعد طبيب أسنان
الاخصائيين,اخصائي,اخصائي صحه عامه رجال غير طبيب
التمريض,اخصائي,اخصائي تمريض 
الأطباء,طبيب نائب,طبيب نائب الطوارىء
التمريض,اخصائي,اخصائي تمريض 
المساعديين الصحيين,مساعد صحي,مساعد صحي / أمن صحي
الأطباء,طبيب نائب,طبيب نائب الباطنة / عناية مركزة
الإداريين,بند الأجور,عامل
الاخصائيين,اخصائي,اخصائي اداره خدمات صحيه
التمريض,فني,فني تمريض
الأطباء,طبيب مقيم,طبيب مقيم
الفنيين,فني,مساعد طبيب أسنان
الأطباء,طبيب مقيم,طبيب مقيم
الأطباء,طبيب استشاري,طبيب استشاري الطب النفسي
الأطباء,طبيب مقيم,طبيب مقيم
التمريض,اخصائي اول,اخصائي اول تمريض
الاخصائيين,اخصائي,اخصائي علاج تنفسي غير طبيب
الصيدله,صيدلي,صيدلي
الاخصائيين,اخصائي استشاري,اخصائي استشاري
الصيدله,صيدلي استشاري,صيدلي استشاري
